forras,bajnoksag,kezd,home,away,odds_h,odds_d,odds_a,fogadas_tipus
Web__51sz__P__06-27_camelot-page-19-table-1.csv,"Labdarúgás, MLS : 13. oldal",H     00:00,Columbus,Philadelphia,1.66,3.8,4.05,
Web__51sz__P__06-27_camelot-page-19-table-1.csv,"Labdarúgás, MLS : 13. oldal",H     00:00,Columbus,Philadelphia,1.2,1.22,1.75,"Kétesély (H: 1X, D: 12, V: X2)"
Web__51sz__P__06-27_camelot-page-19-table-1.csv,"Labdarúgás, MLS : 13. oldal",H     00:00,Columbus,Philadelphia,1.34,,2.76,Döntetlennél a tét visszajár
Web__51sz__P__06-27_camelot-page-19-table-1.csv,"Labdarúgás, MLS : 13. oldal",H     00:00,Columbus,Philadelphia,1.51,,2.24,"Mindkét csapat szerez gólt (H: Igen, V: Nem)"
Web__51sz__P__06-27_camelot-page-19-table-1.csv,"Labdarúgás, MLS : 13. oldal",H     00:00,Columbus,Philadelphia,5.25,4.9,1.32,Hendikep 0:2
Web__51sz__P__06-27_camelot-page-19-table-1.csv,"Labdarúgás, MLS : 13. oldal",H     00:00,Columbus,Philadelphia,2.81,3.85,1.87,Hendikep 0:1
Web__51sz__P__06-27_camelot-page-19-table-1.csv,"Labdarúgás, MLS : 13. oldal",H     00:00,Columbus,Philadelphia,1.2,5.25,7.75,Hendikep 1:0
Web__51sz__P__06-27_camelot-page-19-table-1.csv,"Labdarúgás, MLS : 13. oldal",H     00:00,Columbus,Philadelphia,4.65,,1.12,"Gólszám 1,5 (H: kev., V: több)"
Web__51sz__P__06-27_camelot-page-19-table-1.csv,"Labdarúgás, MLS : 13. oldal",H     00:00,Columbus,Philadelphia,2.32,,1.47,"Gólszám 2,5 (H: kev., V: több)"
Web__51sz__P__06-27_camelot-page-19-table-1.csv,"Labdarúgás, MLS : 13. oldal",H     00:00,Columbus,Philadelphia,1.55,,2.15,"Gólszám 3,5 (H: kev., V: több)"
Web__51sz__P__06-27_camelot-page-19-table-1.csv,"Labdarúgás, MLS : 13. oldal",H     03:30,Los Angeles FC,Vancouver,1.63,3.65,4.5,
Web__51sz__P__06-27_camelot-page-19-table-1.csv,"Labdarúgás, MLS : 13. oldal",H     03:30,Los Angeles FC,Vancouver,1.18,1.24,1.77,"Kétesély (H: 1X, D: 12, V: X2)"
Web__51sz__P__06-27_camelot-page-19-table-1.csv,"Labdarúgás, MLS : 13. oldal",H     03:30,Los Angeles FC,Vancouver,1.3,,2.96,Döntetlennél a tét visszajár
Web__51sz__P__06-27_camelot-page-19-table-1.csv,"Labdarúgás, MLS : 13. oldal",H     03:30,Los Angeles FC,Vancouver,1.64,,2.0,"Mindkét csapat szerez gólt (H: Igen, V: Nem)"
Web__51sz__P__06-27_camelot-page-19-table-1.csv,"Labdarúgás, MLS : 13. oldal",H     03:30,Los Angeles FC,Vancouver,5.5,4.75,1.32,Hendikep 0:2
Web__51sz__P__06-27_camelot-page-19-table-1.csv,"Labdarúgás, MLS : 13. oldal",H     03:30,Los Angeles FC,Vancouver,2.82,3.7,1.91,Hendikep 0:1
Web__51sz__P__06-27_camelot-page-19-table-1.csv,"Labdarúgás, MLS : 13. oldal",H     03:30,Los Angeles FC,Vancouver,1.17,5.25,9.0,Hendikep 1:0
Web__51sz__P__06-27_camelot-page-19-table-1.csv,"Labdarúgás, MLS : 13. oldal",H     03:30,Los Angeles FC,Vancouver,3.9,,1.17,"Gólszám 1,5 (H: kev., V: több)"
Web__51sz__P__06-27_camelot-page-19-table-1.csv,"Labdarúgás, MLS : 13. oldal",H     03:30,Los Angeles FC,Vancouver,2.02,,1.63,"Gólszám 2,5 (H: kev., V: több)"
Web__51sz__P__06-27_camelot-page-19-table-1.csv,"Labdarúgás, MLS : 13. oldal",H     03:30,Los Angeles FC,Vancouver,1.41,,2.49,"Gólszám 3,5 (H: kev., V: több)"
Web__51sz__P__06-27_camelot-page-19-table-1.csv,"Labdarúgás, Kolumbiai bajnokság, rájátszás",H     01:00,Independiente Medellin,Independiente SF,1.66,3.15,4.35,
Web__51sz__P__06-27_camelot-page-19-table-1.csv,"Labdarúgás, Kolumbiai bajnokság, rájátszás",V     19:00,Ball Hogs,Miami 305,2.55,,1.39,
Web__51sz__P__06-27_camelot-page-19-table-1.csv,"Labdarúgás, Kolumbiai bajnokság, rájátszás",V     19:00,Detroit Amps,Power,1.7,,1.92,
Web__51sz__P__06-27_camelot-page-19-table-1.csv,"Labdarúgás, Kolumbiai bajnokság, rájátszás",V     19:00,Houston Rig Hands,La Riot,2.52,,1.4,
Web__51sz__P__06-27_camelot-page-19-table-1.csv,"Labdarúgás, Kolumbiai bajnokság, rájátszás",V     19:00,Triplets,Trilogy,1.34,,2.76,
Web__51sz__P__06-27_camelot-page-19-table-1.csv,"Labdarúgás, Kolumbiai bajnokság, rájátszás",H     01:00,Ottawa,Toronto,1.63,,2.01,
Web__51sz__P__06-27_camelot-page-19-table-1.csv,"Labdarúgás, Kolumbiai bajnokság, rájátszás",V     08:05,Gold Coast Titans,North Queensland Cowboys,2.2,21.0,1.65,
Web__51sz__P__06-27_camelot-page-19-table-1.csv,"Labdarúgás, Kolumbiai bajnokság, rájátszás",V     07:20,Richmond,Adelaide Crows,5.25,,1.08,
Web__51sz__P__06-27_camelot-page-19-table-1.csv,"Labdarúgás, Kolumbiai bajnokság, rájátszás",V     09:10,Fremantle,St. Kilda,1.26,,3.15,
Web__51sz__P__06-27_camelot-page-19-table-1.csv,"Labdarúgás, Kolumbiai bajnokság, rájátszás",V     20:00,Sporting CP,Benfica,1.54,4.95,3.3,
Web__51sz__P__06-27_camelot-page-19-table-1.csv,"Labdarúgás, Kínai bajnokság : 12. oldal",H     13:00,Henan Songshan,Shandong Taishan,2.63,3.8,2.14,
Web__51sz__P__06-27_camelot-page-19-table-1.csv,"Labdarúgás, Kínai bajnokság : 12. oldal",H     13:35,Beijing Guoan,Yunnan Yukun,1.3,5.0,6.75,
Web__51sz__P__06-27_camelot-page-19-table-1.csv,"Labdarúgás, Kínai bajnokság : 12. oldal",H     13:35,Dalian Yingbo,Zhejiang FC,2.26,3.45,2.64,
Web__51sz__P__06-27_camelot-page-19-table-1.csv,"Labdarúgás, Kínai bajnokság : 12. oldal",H     14:00,Shenzhen Peng City,Shanghai Port,3.25,3.95,1.82,
Web__51sz__P__06-27_camelot-page-19-table-1.csv,"Labdarúgás, Norvég bajnokság : 13. oldal",H     19:00,Brann Bergen,Sandefjord,1.43,4.65,5.25,
Web__51sz__P__06-27_camelot-page-19-table-1.csv,"Labdarúgás, Svéd bajnokság : 14. oldal",H     19:00,Djurgarden,Norrköping,1.58,3.95,4.45,
Web__51sz__P__06-27_camelot-page-19-table-1.csv,"Labdarúgás, Svéd bajnokság : 14. oldal",H     19:00,Mjällby,FF Malmö,2.67,3.35,2.29,
Web__51sz__P__06-27_camelot-page-11-table-1.csv,"Labdarúgás, MLS : 13. oldal",V     01:30,D.C. United,Nashville,3.45,3.65,1.84,
Web__51sz__P__06-27_camelot-page-11-table-1.csv,"Labdarúgás, MLS : 13. oldal",V     01:30,D.C. United,Nashville,1.6,1.24,1.26,"Kétesély (H: 1X, D: 12, V: X2)"
Web__51sz__P__06-27_camelot-page-11-table-1.csv,"Labdarúgás, MLS : 13. oldal",V     01:30,D.C. United,Nashville,2.34,,1.46,Döntetlennél a tét visszajár
Web__51sz__P__06-27_camelot-page-11-table-1.csv,"Labdarúgás, MLS : 13. oldal",V     01:30,D.C. United,Nashville,1.56,,2.13,"Mindkét csapat szerez gólt (H: Igen, V: Nem)"
Web__51sz__P__06-27_camelot-page-11-table-1.csv,"Labdarúgás, MLS : 13. oldal",V     01:30,D.C. United,Nashville,6.5,4.75,1.27,Hendikep 0:1
Web__51sz__P__06-27_camelot-page-11-table-1.csv,"Labdarúgás, MLS : 13. oldal",V     01:30,D.C. United,Nashville,1.69,3.85,3.4,Hendikep 1:0
Web__51sz__P__06-27_camelot-page-11-table-1.csv,"Labdarúgás, MLS : 13. oldal",V     01:30,D.C. United,Nashville,1.23,5.25,6.75,Hendikep 2:0
Web__51sz__P__06-27_camelot-page-11-table-1.csv,"Labdarúgás, MLS : 13. oldal",V     01:30,D.C. United,Nashville,4.05,,1.16,"Gólszám 1,5 (H: kev., V: több)"
Web__51sz__P__06-27_camelot-page-11-table-1.csv,"Labdarúgás, MLS : 13. oldal",V     01:30,D.C. United,Nashville,2.09,,1.58,"Gólszám 2,5 (H: kev., V: több)"
Web__51sz__P__06-27_camelot-page-11-table-1.csv,"Labdarúgás, MLS : 13. oldal",V     01:30,D.C. United,Nashville,1.44,,2.4,"Gólszám 3,5 (H: kev., V: több)"
Web__51sz__P__06-27_camelot-page-11-table-1.csv,"Labdarúgás, MLS : 13. oldal",V     01:30,Montreal,New York City FC,2.83,3.45,2.13,
Web__51sz__P__06-27_camelot-page-11-table-1.csv,"Labdarúgás, MLS : 13. oldal",V     01:30,Montreal,New York City FC,1.45,1.26,1.35,"Kétesély (H: 1X, D: 12, V: X2)"
Web__51sz__P__06-27_camelot-page-11-table-1.csv,"Labdarúgás, MLS : 13. oldal",V     01:30,Montreal,New York City FC,1.94,,1.68,Döntetlennél a tét visszajár
Web__51sz__P__06-27_camelot-page-11-table-1.csv,"Labdarúgás, MLS : 13. oldal",V     01:30,Montreal,New York City FC,1.6,,2.07,"Mindkét csapat szerez gólt (H: Igen, V: Nem)"
Web__51sz__P__06-27_camelot-page-11-table-1.csv,"Labdarúgás, MLS : 13. oldal",V     01:30,Montreal,New York City FC,5.25,4.3,1.37,Hendikep 0:1
Web__51sz__P__06-27_camelot-page-11-table-1.csv,"Labdarúgás, MLS : 13. oldal",V     01:30,Montreal,New York City FC,1.5,4.0,4.3,Hendikep 1:0
Web__51sz__P__06-27_camelot-page-11-table-1.csv,"Labdarúgás, MLS : 13. oldal",V     01:30,Montreal,New York City FC,1.15,5.75,9.25,Hendikep 2:0
Web__51sz__P__06-27_camelot-page-11-table-1.csv,"Labdarúgás, MLS : 13. oldal",V     01:30,Montreal,New York City FC,3.75,,1.19,"Gólszám 1,5 (H: kev., V: több)"
Web__51sz__P__06-27_camelot-page-11-table-1.csv,"Labdarúgás, MLS : 13. oldal",V     01:30,Montreal,New York City FC,1.97,,1.66,"Gólszám 2,5 (H: kev., V: több)"
Web__51sz__P__06-27_camelot-page-11-table-1.csv,"Labdarúgás, MLS : 13. oldal",V     01:30,Montreal,New York City FC,1.38,,2.59,"Gólszám 3,5 (H: kev., V: több)"
Web__51sz__P__06-27_camelot-page-11-table-1.csv,"Labdarúgás, MLS : 13. oldal",V     01:30,New England,Colorado Rapids,1.7,3.75,3.9,
Web__51sz__P__06-27_camelot-page-11-table-1.csv,"Labdarúgás, MLS : 13. oldal",V     01:30,New England,Colorado Rapids,1.22,1.23,1.71,"Kétesély (H: 1X, D: 12, V: X2)"
Web__51sz__P__06-27_camelot-page-11-table-1.csv,"Labdarúgás, MLS : 13. oldal",V     01:30,New England,Colorado Rapids,1.37,,2.64,Döntetlennél a tét visszajár
Web__51sz__P__06-27_camelot-page-11-table-1.csv,"Labdarúgás, MLS : 13. oldal",V     01:30,New England,Colorado Rapids,1.62,,2.03,"Mindkét csapat szerez gólt (H: Igen, V: Nem)"
Web__51sz__P__06-27_camelot-page-11-table-1.csv,"Labdarúgás, MLS : 13. oldal",V     01:30,New England,Colorado Rapids,6.0,4.9,1.28,Hendikep 0:2
Web__51sz__P__06-27_camelot-page-11-table-1.csv,"Labdarúgás, MLS : 13. oldal",V     01:30,New England,Colorado Rapids,3.05,3.7,1.82,Hendikep 0:1
Web__51sz__P__06-27_camelot-page-11-table-1.csv,"Labdarúgás, MLS : 13. oldal",V     01:30,New England,Colorado Rapids,1.22,5.0,7.75,Hendikep 1:0
Web__51sz__P__06-27_camelot-page-11-table-1.csv,"Labdarúgás, MLS : 13. oldal",V     01:30,New England,Colorado Rapids,3.9,,1.17,"Gólszám 1,5 (H: kev., V: több)"
Web__51sz__P__06-27_camelot-page-11-table-1.csv,"Labdarúgás, MLS : 13. oldal",V     01:30,New England,Colorado Rapids,2.05,,1.61,"Gólszám 2,5 (H: kev., V: több)"
Web__51sz__P__06-27_camelot-page-11-table-1.csv,"Labdarúgás, MLS : 13. oldal",V     01:30,New England,Colorado Rapids,1.42,,2.48,"Gólszám 3,5 (H: kev., V: több)"
Web__51sz__P__06-27_camelot-page-3-table-1.csv,"Labdarúgás, Feröer-szigeteki bajnokság : 10. oldal",P     20:00,B36 Torshavn,Vestur Sorvagur,1.51,3.9,4.35,
Web__51sz__P__06-27_camelot-page-3-table-1.csv,"Labdarúgás, Izlandi 2. : 11. oldal",P     20:00,Fjölnir,Thor Akureyri,3.6,3.9,1.62,
Web__51sz__P__06-27_camelot-page-3-table-1.csv,"Labdarúgás, Izlandi 2. : 11. oldal",P     21:15,IR Reykjavik,Grindavik,1.56,3.9,3.9,
Web__51sz__P__06-27_camelot-page-3-table-1.csv,"Labdarúgás, Izlandi 2. : 11. oldal",P     21:15,Selfoss,Leiknir R.,2.56,3.5,2.11,
Web__51sz__P__06-27_camelot-page-3-table-1.csv,"Labdarúgás, Izlandi 2. : 11. oldal",P     21:15,Throttur Reykjavik,HK Kopavogs,2.17,3.5,2.48,
Web__51sz__P__06-27_camelot-page-3-table-1.csv,"Labdarúgás, Perui bajnokság : 14. oldal",P     20:00,Ayacucho,Los Chankas,2.15,3.15,2.73,
Web__51sz__P__06-27_camelot-page-3-table-1.csv,"Labdarúgás, Perui bajnokság : 14. oldal",P     22:15,ADC Juan Pablo II,Cienciano,2.32,3.15,2.48,
Web__51sz__P__06-27_camelot-page-3-table-1.csv,"Labdarúgás, Perui bajnokság : 14. oldal",Szo   00:30,Dep. Binacional,Huancayo,3.05,3.35,1.91,
Web__51sz__P__06-27_camelot-page-3-table-1.csv,"Labdarúgás, Izlandi bajnokság : 11. oldal",P     20:30,KA Akureyri,Valur,2.79,3.65,1.93,
Web__51sz__P__06-27_camelot-page-3-table-1.csv,"Labdarúgás, Izlandi bajnokság : 11. oldal",P     21:15,Stjarnan,Breidablik,2.54,3.7,2.06,
Web__51sz__P__06-27_camelot-page-3-table-1.csv,"Labdarúgás, Ír bajnokság : 11. oldal",P     20:45,Bohemians Dublin,Sligo,1.3,4.45,6.5,
Web__51sz__P__06-27_camelot-page-3-table-1.csv,"Labdarúgás, Ír bajnokság : 11. oldal",P     20:45,Cork City,St. Patrick's,3.55,3.3,1.77,
Web__51sz__P__06-27_camelot-page-3-table-1.csv,"Labdarúgás, Ír bajnokság : 11. oldal",P     20:45,Derry City,Drogheda Utd.,1.64,3.15,4.45,
Web__51sz__P__06-27_camelot-page-3-table-1.csv,"Labdarúgás, Ír bajnokság : 11. oldal",P     20:45,Galway Utd.,Shelbourne,2.62,2.89,2.37,
Web__51sz__P__06-27_camelot-page-3-table-1.csv,"Labdarúgás, Ír bajnokság : 11. oldal",P     21:00,Shamrock Rovers,Waterford FC,1.29,4.35,6.75,
Web__51sz__P__06-27_camelot-page-3-table-1.csv,"Labdarúgás, Ír 1. : 11. oldal",P     20:45,Athlone,Bray,2.77,3.25,2.07,
Web__51sz__P__06-27_camelot-page-3-table-1.csv,"Labdarúgás, Ír 1. : 11. oldal",P     20:45,Dundalk,Cobh Ramblers,1.84,3.15,3.4,
Web__51sz__P__06-27_camelot-page-3-table-1.csv,"Labdarúgás, Ír 1. : 11. oldal",P     20:45,Treaty Utd.,Finn Harps,1.57,3.6,4.3,
Web__51sz__P__06-27_camelot-page-3-table-1.csv,"Labdarúgás, Ír 1. : 11. oldal",P     20:45,Wexford Youths,Kerry,1.8,3.35,3.4,
Web__51sz__P__06-27_camelot-page-3-table-1.csv,"Labdarúgás, Argentin 3, Torneo Federal : 8, 9. oldal",Szo   01:30,Club Sportivo Ben Hur,Independ. de Chivilcoy,2.0,3.15,3.0,
Web__51sz__P__06-27_camelot-page-3-table-1.csv,"Labdarúgás, Brazil 2.",Szo   01:30,Criciuma,Avai,1.94,2.96,3.35,
Web__51sz__P__06-27_camelot-page-3-table-1.csv,"Labdarúgás, Ecuadori bajnokság : 10. oldal",Szo   02:00,Dep. Cuenca,Mushuc Runa,1.63,3.4,4.1,
Web__51sz__P__06-27_camelot-page-3-table-1.csv,"Labdarúgás, Argentin Kupa",Szo   02:10,Belgrano de Cordoba,Defensores de Belgrano,1.62,3.15,4.65,
Web__51sz__P__06-27_camelot-page-3-table-1.csv,"Labdarúgás, Argentin Kupa",P     11:00,Babos T / Stefani L,Kichenok L / Perez E,1.75,,1.86,
Web__51sz__P__06-27_camelot-page-3-table-1.csv,"Labdarúgás, Argentin Kupa",P     11:00,Xu Y / Yang Z,Guo H / Panova A,2.1,,1.58,
Web__51sz__P__06-27_camelot-page-3-table-1.csv,"Labdarúgás, Argentin Kupa",P     11:30,Andreozzi G / Arribage T,Bhambri Y / Galloway R,2.32,,1.47,
Web__51sz__P__06-27_camelot-page-3-table-1.csv,"Labdarúgás, Argentin Kupa",P     12:00,Bouzkova M / Danilina A,Dart H / Lumsden M,1.43,,2.45,
Web__51sz__P__06-27_camelot-page-3-table-1.csv,"Labdarúgás, Argentin Kupa",P     12:00,Olmos G / Zarazua R,Hsieh S,2.27,,1.49,
Web__51sz__P__06-27_camelot-page-10-table-1.csv,"Labdarúgás, Brazil 3. : 9. oldal",Szo   22:00,Guarani SP,CSA,1.78,3.05,3.85,
Web__51sz__P__06-27_camelot-page-10-table-1.csv,"Labdarúgás, Brazil 3. : 9. oldal",Szo   22:00,Retro FC,Londrina,2.29,2.77,2.83,
Web__51sz__P__06-27_camelot-page-10-table-1.csv,"Labdarúgás, Brazil 3. : 9. oldal",V     00:30,Maringa PR,Ponte Preta,2.05,2.89,3.15,
Web__51sz__P__06-27_camelot-page-10-table-1.csv,"Labdarúgás, Brazil 3. : 9. oldal",V     00:30,Sao Bernardo FC,Anapolis GO,1.58,3.05,5.25,
Web__51sz__P__06-27_camelot-page-10-table-1.csv,"Labdarúgás, Gold Cup : 8. oldal",V     01:15,Panama,Honduras,1.51,3.95,5.25,
Web__51sz__P__06-27_camelot-page-10-table-1.csv,"Labdarúgás, Gold Cup : 8. oldal",V     01:15,Panama,Honduras,1.28,,3.05,Ki jut tovább?
Web__51sz__P__06-27_camelot-page-10-table-1.csv,"Labdarúgás, Gold Cup : 8. oldal",V     01:15,Panama,Honduras,1.14,1.21,1.93,"Kétesély (H: 1X, D: 12, V: X2)"
Web__51sz__P__06-27_camelot-page-10-table-1.csv,"Labdarúgás, Gold Cup : 8. oldal",V     01:15,Panama,Honduras,1.23,,3.4,Döntetlennél a tét visszajár
Web__51sz__P__06-27_camelot-page-10-table-1.csv,"Labdarúgás, Gold Cup : 8. oldal",V     01:15,Panama,Honduras,1.82,,1.78,"Mindkét csapat szerez gólt (H: Igen, V: Nem)"
Web__51sz__P__06-27_camelot-page-10-table-1.csv,"Labdarúgás, Gold Cup : 8. oldal",V     01:15,Panama,Honduras,5.0,4.4,1.38,Hendikep 0:2
Web__51sz__P__06-27_camelot-page-10-table-1.csv,"Labdarúgás, Gold Cup : 8. oldal",V     01:15,Panama,Honduras,2.58,3.45,2.12,Hendikep 0:1
Web__51sz__P__06-27_camelot-page-10-table-1.csv,"Labdarúgás, Gold Cup : 8. oldal",V     01:15,Panama,Honduras,1.14,5.5,11.0,Hendikep 1:0
Web__51sz__P__06-27_camelot-page-10-table-1.csv,"Labdarúgás, Gold Cup : 8. oldal",V     01:15,Panama,Honduras,3.5,,1.22,"Gólszám 1,5 (H: kev., V: több)"
Web__51sz__P__06-27_camelot-page-10-table-1.csv,"Labdarúgás, Gold Cup : 8. oldal",V     01:15,Panama,Honduras,1.88,,1.73,"Gólszám 2,5 (H: kev., V: több)"
Web__51sz__P__06-27_camelot-page-10-table-1.csv,"Labdarúgás, Gold Cup : 8. oldal",V     01:15,Panama,Honduras,1.34,,2.77,"Gólszám 3,5 (H: kev., V: több)"
Web__51sz__P__06-27_camelot-page-10-table-1.csv,"Labdarúgás, Gold Cup : 8. oldal",V     01:15,Panama,Honduras,2.05,2.16,5.0,1. félidő - 1X2
Web__51sz__P__06-27_camelot-page-10-table-1.csv,"Labdarúgás, Gold Cup : 8. oldal",V     01:15,Panama,Honduras,1.91,2.49,4.4,2. félidő - 1X2
Web__51sz__P__06-27_camelot-page-10-table-1.csv,"Labdarúgás, Gold Cup : 8. oldal",V     04:15,Mexikó,Szaúd,1.34,4.3,7.75,
Web__51sz__P__06-27_camelot-page-10-table-1.csv,"Labdarúgás, Gold Cup : 8. oldal",V     04:15,Mexikó,Szaúd,1.17,,3.9,Ki jut tovább?
Web__51sz__P__06-27_camelot-page-10-table-1.csv,"Labdarúgás, Gold Cup : 8. oldal",V     04:15,Mexikó,Szaúd,1.08,1.17,2.25,"Kétesély (H: 1X, D: 12, V: X2)"
Web__51sz__P__06-27_camelot-page-10-table-1.csv,"Labdarúgás, Gold Cup : 8. oldal",V     04:15,Mexikó,Szaúd,1.12,,4.65,Döntetlennél a tét visszajár
Web__51sz__P__06-27_camelot-page-10-table-1.csv,"Labdarúgás, Gold Cup : 8. oldal",V     04:15,Mexikó,Szaúd,2.23,,1.51,"Mindkét csapat szerez gólt (H: Igen, V: Nem)"
Web__51sz__P__06-27_camelot-page-10-table-1.csv,"Labdarúgás, Gold Cup : 8. oldal",V     04:15,Mexikó,Szaúd,4.2,3.95,1.52,Hendikep 0:2
Web__51sz__P__06-27_camelot-page-10-table-1.csv,"Labdarúgás, Gold Cup : 8. oldal",V     04:15,Mexikó,Szaúd,2.19,3.25,2.6,Hendikep 0:1
Web__51sz__P__06-27_camelot-page-10-table-1.csv,"Labdarúgás, Gold Cup : 8. oldal",V     04:15,Mexikó,Szaúd,1.07,6.25,18.0,Hendikep 1:0
Web__51sz__P__06-27_camelot-page-10-table-1.csv,"Labdarúgás, Gold Cup : 8. oldal",V     04:15,Mexikó,Szaúd,3.05,,1.28,"Gólszám 1,5 (H: kev., V: több)"
Web__51sz__P__06-27_camelot-page-10-table-1.csv,"Labdarúgás, Gold Cup : 8. oldal",V     04:15,Mexikó,Szaúd,1.71,,1.9,"Gólszám 2,5 (H: kev., V: több)"
Web__51sz__P__06-27_camelot-page-10-table-1.csv,"Labdarúgás, Gold Cup : 8. oldal",V     04:15,Mexikó,Szaúd,1.26,,3.15,"Gólszám 3,5 (H: kev., V: több)"
Web__51sz__P__06-27_camelot-page-8-table-2.csv,"Labdarúgás, Argentin Kupa",Szo   18:00,Rosario Central,Union SF,1.99,2.88,3.35,
Web__51sz__P__06-27_camelot-page-8-table-2.csv,"Labdarúgás, Argentin 3. : 8, 9. oldal",Szo   18:00,Sportivo Italiano,Dep. Flandria,2.1,2.69,3.3,
Web__51sz__P__06-27_camelot-page-8-table-2.csv,"Labdarúgás, Argentin 3. : 8, 9. oldal",Szo   20:30,Dep. Merlo,Dep. Armenio,1.93,2.95,3.4,
Web__51sz__P__06-27_camelot-page-8-table-2.csv,"Labdarúgás, Argentin 3. : 8, 9. oldal",Szo   20:30,Villa San Carlos,CSYD Liniers,1.8,2.97,3.85,
Web__51sz__P__06-27_camelot-page-8-table-2.csv,"Labdarúgás, Argentin 3. : 8, 9. oldal",Szo   22:00,Excursionistas,Argentino de Quilmes,1.78,2.97,3.95,
Web__51sz__P__06-27_camelot-page-8-table-2.csv,"Labdarúgás, Argentin 3. : 8, 9. oldal",V     00:15,Real Pilar,Dep. Laferrere,1.65,3.35,4.05,
Web__51sz__P__06-27_camelot-page-8-table-2.csv,"Labdarúgás, Norvég bajnokság : 13. oldal",Szo   18:00,Rosenborg,Viking Stavanger,2.15,3.8,2.62,
Web__51sz__P__06-27_camelot-page-8-table-2.csv,"Labdarúgás, Argentin 2. : 9. oldal",Szo   20:00,Arsenal Sarandí,Atl. Colegiales,2.13,2.63,3.35,
Web__51sz__P__06-27_camelot-page-8-table-2.csv,"Labdarúgás, Argentin 2. : 9. oldal",Szo   20:00,Tristan Suarez,Ferro Carril Oeste,2.05,2.79,3.3,
Web__51sz__P__06-27_camelot-page-8-table-2.csv,"Labdarúgás, Argentin 2. : 9. oldal",Szo   20:15,Chacarita Juniors,Nueva Chicago,1.64,3.05,4.65,
Web__51sz__P__06-27_camelot-page-8-table-2.csv,"Labdarúgás, Argentin 2. : 9. oldal",Szo   20:30,Talleres de Remedios,Gimnasia Jujuy,4.25,2.67,1.85,
Web__51sz__P__06-27_camelot-page-8-table-2.csv,"Labdarúgás, Argentin 2. : 9. oldal",Szo   22:15,Atl. Temperley,Chaco For Ever,1.98,2.64,3.75,
Web__51sz__P__06-27_camelot-page-8-table-2.csv,"Labdarúgás, Argentin 2. : 9. oldal",Szo   23:00,Dep. Madryn,Quilmes,1.65,2.98,4.8,
Web__51sz__P__06-27_camelot-page-8-table-2.csv,"Labdarúgás, Argentin 2. : 9. oldal",Szo   23:00,San Martin de Tucuman,Patronato Parana,1.59,3.15,4.9,
Web__51sz__P__06-27_camelot-page-8-table-2.csv,"Labdarúgás, Perui bajnokság : 14. oldal",Szo   20:00,Dep. Tarma,Dep. Garcilaso,1.77,3.2,3.65,
Web__51sz__P__06-27_camelot-page-8-table-2.csv,"Labdarúgás, Perui bajnokság : 14. oldal",Szo   22:15,UTC de Cajamarca,Sport Boys Callao,1.76,3.2,3.75,
Web__51sz__P__06-27_camelot-page-8-table-2.csv,"Labdarúgás, Perui bajnokság : 14. oldal",V     01:15,Melgar,Alianza Lima,1.85,3.05,3.55,
Web__51sz__P__06-27_camelot-page-9-table-1.csv,"Labdarúgás, Ír 1. : 11. oldal",Szo   20:30,Longford Town,UC Dublin,3.0,3.05,2.04,
Web__51sz__P__06-27_camelot-page-9-table-1.csv,"Labdarúgás, U21 Eb : 8. oldal",Szo   21:00,U21Anglia,U21Németország,2.18,3.55,2.7,
Web__51sz__P__06-27_camelot-page-9-table-1.csv,"Labdarúgás, U21 Eb : 8. oldal",Szo   21:00,U21Anglia,U21Németország,1.79,,1.92,Ki nyeri a döntőt?
Web__51sz__P__06-27_camelot-page-9-table-1.csv,"Labdarúgás, U21 Eb : 8. oldal",Szo   21:00,U21Anglia,U21Németország,1.38,1.26,1.43,"Kétesély (H: 1X, D: 12, V: X2)"
Web__51sz__P__06-27_camelot-page-9-table-1.csv,"Labdarúgás, U21 Eb : 8. oldal",Szo   21:00,U21Anglia,U21Németország,1.73,,1.88,Döntetlennél a tét visszajár
Web__51sz__P__06-27_camelot-page-9-table-1.csv,"Labdarúgás, U21 Eb : 8. oldal",Szo   21:00,U21Anglia,U21Németország,1.45,,2.39,"Mindkét csapat szerez gólt (H: Igen, V: Nem)"
Web__51sz__P__06-27_camelot-page-9-table-1.csv,"Labdarúgás, U21 Eb : 8. oldal",Szo   21:00,U21Anglia,U21Németország,9.5,6.5,1.17,Hendikep 0:2
Web__51sz__P__06-27_camelot-page-9-table-1.csv,"Labdarúgás, U21 Eb : 8. oldal",Szo   21:00,U21Anglia,U21Németország,4.45,4.5,1.51,Hendikep 0:1
Web__51sz__P__06-27_camelot-page-9-table-1.csv,"Labdarúgás, U21 Eb : 8. oldal",Szo   21:00,U21Anglia,U21Németország,1.44,4.7,5.0,Hendikep 1:0
Web__51sz__P__06-27_camelot-page-9-table-1.csv,"Labdarúgás, U21 Eb : 8. oldal",Szo   21:00,U21Anglia,U21Németország,4.65,,1.12,"Gólszám 1,5 (H: kev., V: több)"
Web__51sz__P__06-27_camelot-page-9-table-1.csv,"Labdarúgás, U21 Eb : 8. oldal",Szo   21:00,U21Anglia,U21Németország,2.32,,1.47,"Gólszám 2,5 (H: kev., V: több)"
Web__51sz__P__06-27_camelot-page-9-table-1.csv,"Labdarúgás, U21 Eb : 8. oldal",Szo   21:00,U21Anglia,U21Németország,1.55,,2.15,"Gólszám 3,5 (H: kev., V: több)"
Web__51sz__P__06-27_camelot-page-9-table-1.csv,"Labdarúgás, U21 Eb : 8. oldal",Szo   21:00,U21Anglia,U21Németország,1.22,,3.5,"Gólszám 4,5 (H: kev., V: több)"
Web__51sz__P__06-27_camelot-page-9-table-1.csv,"Labdarúgás, U21 Eb : 8. oldal",Szo   21:00,U21Anglia,U21Németország,6.5,1.18,6.75,Az első 10 perc eredménye (0-9:59)
Web__51sz__P__06-27_camelot-page-9-table-1.csv,"Labdarúgás, U21 Eb : 8. oldal",Szo   21:00,U21Anglia,U21Németország,2.84,2.34,3.05,1. félidő - 1X2
Web__51sz__P__06-27_camelot-page-9-table-1.csv,"Labdarúgás, U21 Eb : 8. oldal",Szo   21:00,U21Anglia,U21Németország,2.54,2.6,2.69,2. félidő - 1X2
Web__51sz__P__06-27_camelot-page-9-table-1.csv,"Labdarúgás, U21 Eb : 8. oldal",Szo   21:00,U21Anglia,U21Németország,4.6,,1.16,"Lesz hosszabbítás+Lesz gól a hosszabbításban? (H: Igen, V: Nem)"
Web__51sz__P__06-27_camelot-page-9-table-1.csv,"Labdarúgás, U21 Eb : 8. oldal",Szo   21:00,U21Anglia,U21Németország,6.0,,1.1,"A továbbjutás 11-es párbajban dől el? (H: Igen, V: Nem)"
Web__51sz__P__06-27_camelot-page-9-table-1.csv,"Labdarúgás, Bolíviai bajnokság : 9. oldal",Szo   21:00,San Antonio Bulo Bulo,Deportivo San Jose de Oruro,1.7,3.7,3.45,
Web__51sz__P__06-27_camelot-page-9-table-1.csv,"Labdarúgás, Bolíviai bajnokság : 9. oldal",Szo   23:30,Oriente Petrolero,Real Tomayapo,1.49,3.75,4.7,
Web__51sz__P__06-27_camelot-page-9-table-1.csv,"Labdarúgás, Brazil 2. : 9. oldal",Szo   21:00,Vila Nova GO,Atlético GO,2.02,2.86,3.3,
Web__51sz__P__06-27_camelot-page-9-table-1.csv,"Labdarúgás, Brazil 2. : 9. oldal",Szo   23:30,Athlético PR,Coritiba,1.94,2.74,3.7,
Web__51sz__P__06-27_camelot-page-9-table-1.csv,"Labdarúgás, Ecuadori bajnokság : 10. oldal",Szo   21:00,Delfin Manta,Manta FC,1.96,3.1,3.15,
Web__51sz__P__06-27_camelot-page-9-table-1.csv,"Labdarúgás, Ecuadori bajnokság : 10. oldal",Szo   23:30,Barcelona Guayaquil,Libertad Loja,1.43,3.95,5.0,
Web__51sz__P__06-27_camelot-page-9-table-1.csv,"Labdarúgás, Ecuadori bajnokság : 10. oldal",V     02:00,Orense Machala,LDU Quito,2.27,2.99,2.67,
Web__51sz__P__06-27_camelot-page-9-table-2.csv,"Labdarúgás, Ír 1. : 11. oldal",Szo   20:30,Longford Town,UC Dublin,3.0,3.05,2.04,
Web__51sz__P__06-27_camelot-page-9-table-2.csv,"Labdarúgás, U21 Eb : 8. oldal",Szo   21:00,U21Anglia,U21Németország,2.18,3.55,2.7,
Web__51sz__P__06-27_camelot-page-9-table-2.csv,"Labdarúgás, U21 Eb : 8. oldal",Szo   21:00,U21Anglia,U21Németország,1.79,,1.92,Ki nyeri a döntőt?
Web__51sz__P__06-27_camelot-page-9-table-2.csv,"Labdarúgás, U21 Eb : 8. oldal",Szo   21:00,U21Anglia,U21Németország,1.38,1.26,1.43,"Kétesély (H: 1X, D: 12, V: X2)"
Web__51sz__P__06-27_camelot-page-9-table-2.csv,"Labdarúgás, U21 Eb : 8. oldal",Szo   21:00,U21Anglia,U21Németország,1.73,,1.88,Döntetlennél a tét visszajár
Web__51sz__P__06-27_camelot-page-9-table-2.csv,"Labdarúgás, U21 Eb : 8. oldal",Szo   21:00,U21Anglia,U21Németország,1.45,,2.39,"Mindkét csapat szerez gólt (H: Igen, V: Nem)"
Web__51sz__P__06-27_camelot-page-9-table-2.csv,"Labdarúgás, U21 Eb : 8. oldal",Szo   21:00,U21Anglia,U21Németország,9.5,6.5,1.17,Hendikep 0:2
Web__51sz__P__06-27_camelot-page-9-table-2.csv,"Labdarúgás, U21 Eb : 8. oldal",Szo   21:00,U21Anglia,U21Németország,4.45,4.5,1.51,Hendikep 0:1
Web__51sz__P__06-27_camelot-page-9-table-2.csv,"Labdarúgás, U21 Eb : 8. oldal",Szo   21:00,U21Anglia,U21Németország,1.44,4.7,5.0,Hendikep 1:0
Web__51sz__P__06-27_camelot-page-9-table-2.csv,"Labdarúgás, U21 Eb : 8. oldal",Szo   21:00,U21Anglia,U21Németország,4.65,,1.12,"Gólszám 1,5 (H: kev., V: több)"
Web__51sz__P__06-27_camelot-page-9-table-2.csv,"Labdarúgás, U21 Eb : 8. oldal",Szo   21:00,U21Anglia,U21Németország,2.32,,1.47,"Gólszám 2,5 (H: kev., V: több)"
Web__51sz__P__06-27_camelot-page-9-table-2.csv,"Labdarúgás, U21 Eb : 8. oldal",Szo   21:00,U21Anglia,U21Németország,1.55,,2.15,"Gólszám 3,5 (H: kev., V: több)"
Web__51sz__P__06-27_camelot-page-9-table-2.csv,"Labdarúgás, U21 Eb : 8. oldal",Szo   21:00,U21Anglia,U21Németország,1.22,,3.5,"Gólszám 4,5 (H: kev., V: több)"
Web__51sz__P__06-27_camelot-page-9-table-2.csv,"Labdarúgás, U21 Eb : 8. oldal",Szo   21:00,U21Anglia,U21Németország,6.5,1.18,6.75,Az első 10 perc eredménye (0-9:59)
Web__51sz__P__06-27_camelot-page-9-table-2.csv,"Labdarúgás, U21 Eb : 8. oldal",Szo   21:00,U21Anglia,U21Németország,2.84,2.34,3.05,1. félidő - 1X2
Web__51sz__P__06-27_camelot-page-9-table-2.csv,"Labdarúgás, U21 Eb : 8. oldal",Szo   21:00,U21Anglia,U21Németország,2.54,2.6,2.69,2. félidő - 1X2
Web__51sz__P__06-27_camelot-page-9-table-2.csv,"Labdarúgás, U21 Eb : 8. oldal",Szo   21:00,U21Anglia,U21Németország,4.6,,1.16,"Lesz hosszabbítás+Lesz gól a hosszabbításban? (H: Igen, V: Nem)"
Web__51sz__P__06-27_camelot-page-9-table-2.csv,"Labdarúgás, U21 Eb : 8. oldal",Szo   21:00,U21Anglia,U21Németország,6.0,,1.1,"A továbbjutás 11-es párbajban dől el? (H: Igen, V: Nem)"
Web__51sz__P__06-27_camelot-page-9-table-2.csv,"Labdarúgás, Bolíviai bajnokság : 9. oldal",Szo   21:00,San Antonio Bulo Bulo,Deportivo San Jose de Oruro,1.7,3.7,3.45,
Web__51sz__P__06-27_camelot-page-9-table-2.csv,"Labdarúgás, Bolíviai bajnokság : 9. oldal",Szo   23:30,Oriente Petrolero,Real Tomayapo,1.49,3.75,4.7,
Web__51sz__P__06-27_camelot-page-9-table-2.csv,"Labdarúgás, Brazil 2. : 9. oldal",Szo   21:00,Vila Nova GO,Atlético GO,2.02,2.86,3.3,
Web__51sz__P__06-27_camelot-page-9-table-2.csv,"Labdarúgás, Brazil 2. : 9. oldal",Szo   23:30,Athlético PR,Coritiba,1.94,2.74,3.7,
Web__51sz__P__06-27_camelot-page-9-table-2.csv,"Labdarúgás, Ecuadori bajnokság : 10. oldal",Szo   21:00,Delfin Manta,Manta FC,1.96,3.1,3.15,
Web__51sz__P__06-27_camelot-page-9-table-2.csv,"Labdarúgás, Ecuadori bajnokság : 10. oldal",Szo   23:30,Barcelona Guayaquil,Libertad Loja,1.43,3.95,5.0,
Web__51sz__P__06-27_camelot-page-9-table-2.csv,"Labdarúgás, Ecuadori bajnokság : 10. oldal",V     02:00,Orense Machala,LDU Quito,2.27,2.99,2.67,
Web__51sz__P__06-27_camelot-page-7-table-2.csv,"Labdarúgás, Izlandi 2. : 11. oldal",Szo   15:00,Völsungur Husavik,Fylkir,2.76,3.35,2.05,
Web__51sz__P__06-27_camelot-page-7-table-2.csv,"Labdarúgás, Svéd bajnokság : 14. oldal",Szo   15:00,Hammarby,Halmstad,1.2,5.75,9.75,
Web__51sz__P__06-27_camelot-page-7-table-2.csv,"Labdarúgás, Svéd bajnokság : 14. oldal",Szo   17:30,Öster,Sirius,2.94,3.5,2.07,
Web__51sz__P__06-27_camelot-page-7-table-2.csv,"Labdarúgás, Feröer-szigeteki bajnokság : 10. oldal",Szo   16:00,HB Torshavn,TB Tvöroyri,1.04,8.25,15.0,
Web__51sz__P__06-27_camelot-page-7-table-2.csv,"Labdarúgás, Uruguayi bajnokság : 13. oldal",Szo   17:00,Liverpool Montevideo,Montevideo Wanderers,1.68,3.35,3.9,
Web__51sz__P__06-27_camelot-page-7-table-2.csv,"Labdarúgás, Uruguayi bajnokság : 13. oldal",Szo   20:00,Defensor Montevideo,Plaza Colonia,1.66,3.3,4.15,
Web__51sz__P__06-27_camelot-page-7-table-2.csv,"Labdarúgás, Uruguayi bajnokság : 13. oldal",Szo   20:00,Penarol Montevideo,CA Cerro,1.2,4.55,10.0,
Web__51sz__P__06-27_camelot-page-7-table-2.csv,"Labdarúgás, Uruguayi bajnokság : 13. oldal",V     01:00,Boston River,Miramar Missiones,1.67,3.25,4.1,
Web__51sz__P__06-27_camelot-page-7-table-2.csv,"Labdarúgás, Klubcsapat vb : 9. oldal",Szo   18:00,Palmeiras SP,Botafogo RJ,2.1,2.96,3.4,
Web__51sz__P__06-27_camelot-page-7-table-2.csv,"Labdarúgás, Klubcsapat vb : 9. oldal",Szo   18:00,Palmeiras SP,Botafogo RJ,1.64,,2.13,Ki jut tovább?
Web__51sz__P__06-27_camelot-page-7-table-2.csv,"Labdarúgás, Klubcsapat vb : 9. oldal",Szo   18:00,Palmeiras SP,Botafogo RJ,1.27,1.33,1.47,"Kétesély (H: 1X, D: 12, V: X2)"
Web__51sz__P__06-27_camelot-page-7-table-2.csv,"Labdarúgás, Klubcsapat vb : 9. oldal",Szo   18:00,Palmeiras SP,Botafogo RJ,1.55,,2.14,Döntetlennél a tét visszajár
Web__51sz__P__06-27_camelot-page-7-table-2.csv,"Labdarúgás, Klubcsapat vb : 9. oldal",Szo   18:00,Palmeiras SP,Botafogo RJ,2.0,,1.64,"Mindkét csapat szerez gólt (H: Igen, V: Nem)"
Web__51sz__P__06-27_camelot-page-7-table-2.csv,"Labdarúgás, Klubcsapat vb : 9. oldal",Szo   18:00,Palmeiras SP,Botafogo RJ,12.0,6.25,1.15,Hendikep 0:2
Web__51sz__P__06-27_camelot-page-7-table-2.csv,"Labdarúgás, Klubcsapat vb : 9. oldal",Szo   18:00,Palmeiras SP,Botafogo RJ,4.85,3.85,1.55,Hendikep 0:1
Web__51sz__P__06-27_camelot-page-7-table-2.csv,"Labdarúgás, Klubcsapat vb : 9. oldal",Szo   18:00,Palmeiras SP,Botafogo RJ,1.3,4.6,8.0,Hendikep 1:0
Web__51sz__P__06-27_camelot-page-7-table-2.csv,"Labdarúgás, Klubcsapat vb : 9. oldal",Szo   18:00,Palmeiras SP,Botafogo RJ,2.54,,1.4,"Gólszám 1,5 (H: kev., V: több)"
Web__51sz__P__06-27_camelot-page-7-table-2.csv,"Labdarúgás, Klubcsapat vb : 9. oldal",Szo   18:00,Palmeiras SP,Botafogo RJ,1.5,,2.26,"Gólszám 2,5 (H: kev., V: több)"
Web__51sz__P__06-27_camelot-page-7-table-2.csv,"Labdarúgás, Klubcsapat vb : 9. oldal",Szo   18:00,Palmeiras SP,Botafogo RJ,1.17,,3.9,"Gólszám 3,5 (H: kev., V: több)"
Web__51sz__P__06-27_camelot-page-7-table-2.csv,"Labdarúgás, Klubcsapat vb : 9. oldal",Szo   18:00,Palmeiras SP,Botafogo RJ,7.25,1.11,9.25,Az első 10 perc eredménye (0-9:59)
Web__51sz__P__06-27_camelot-page-7-table-2.csv,"Labdarúgás, Klubcsapat vb : 9. oldal",Szo   18:00,Palmeiras SP,Botafogo RJ,2.99,1.9,4.0,1. félidő - 1X2
Web__51sz__P__06-27_camelot-page-7-table-2.csv,"Labdarúgás, Klubcsapat vb : 9. oldal",Szo   18:00,Palmeiras SP,Botafogo RJ,2.75,,1.34,"Szögletszám 7,5 (H: kev., V: több)"
Web__51sz__P__06-27_camelot-page-7-table-2.csv,"Labdarúgás, Klubcsapat vb : 9. oldal",Szo   18:00,Palmeiras SP,Botafogo RJ,2.09,,1.58,"Szögletszám 8,5 (H: kev., V: több)"
Web__51sz__P__06-27_camelot-page-7-table-2.csv,"Labdarúgás, Klubcsapat vb : 9. oldal",Szo   18:00,Palmeiras SP,Botafogo RJ,1.68,,1.95,"Szögletszám 9,5 (H: kev., V: több)"
Web__51sz__P__06-27_camelot-page-7-table-2.csv,"Labdarúgás, Klubcsapat vb : 9. oldal",Szo   18:00,Palmeiras SP,Botafogo RJ,2.09,2.67,3.35,"Szögletek száma (H: 0-8, D: 9-11, V: 12+)"
Web__51sz__P__06-27_camelot-page-7-table-2.csv,"Labdarúgás, Klubcsapat vb : 9. oldal",Szo   18:00,Palmeiras SP,Botafogo RJ,1.55,7.75,2.68,"Melyik csapat végez el több szögletet? (H: 1, D: ua., V: 2)"
Web__51sz__P__06-27_camelot-page-7-table-2.csv,"Labdarúgás, Klubcsapat vb : 9. oldal",Szo   18:00,Palmeiras SP,Botafogo RJ,2.37,,1.45,"Szöglet hendikep -2,5 (Hazai -2,5, Vendég +2,5)"
Web__51sz__P__06-27_camelot-page-7-table-2.csv,"Labdarúgás, Klubcsapat vb : 9. oldal",Szo   18:00,Palmeiras SP,Botafogo RJ,1.89,,1.72,"Szöglet hendikep -1,5 (Hazai -1,5, Vendég +1,5)"
Web__51sz__P__06-27_camelot-page-7-table-2.csv,"Labdarúgás, Klubcsapat vb : 9. oldal",Szo   18:00,Palmeiras SP,Botafogo RJ,2.6,2.14,3.35,2. félidő - 1X2
Web__51sz__P__06-27_camelot-page-7-table-2.csv,"Labdarúgás, Klubcsapat vb : 9. oldal",Szo   18:00,Palmeiras SP,Botafogo RJ,4.9,,1.14,"Lesz hosszabbítás+Lesz gól a hosszabbításban? (H: Igen, V: Nem)"
Web__51sz__P__06-27_camelot-page-7-table-2.csv,"Labdarúgás, Klubcsapat vb : 9. oldal",Szo   18:00,Palmeiras SP,Botafogo RJ,4.45,,1.17,"A továbbjutás 11-es párbajban dől el? (H: Igen, V: Nem)"
Web__51sz__P__06-27_camelot-page-7-table-2.csv,"Labdarúgás, Klubcsapat vb : 9. oldal",Szo   22:00,Benfica,Chelsea,3.55,3.45,1.86,
Web__51sz__P__06-27_camelot-page-7-table-2.csv,"Labdarúgás, Klubcsapat vb : 9. oldal",Szo   22:00,Benfica,Chelsea,2.34,,1.53,Ki jut tovább?
Web__51sz__P__06-27_camelot-page-7-table-2.csv,"Labdarúgás, Klubcsapat vb : 9. oldal",Szo   22:00,Benfica,Chelsea,1.59,1.26,1.25,"Kétesély (H: 1X, D: 12, V: X2)"
Web__51sz__P__06-27_camelot-page-7-table-2.csv,"Labdarúgás, Klubcsapat vb : 9. oldal",Szo   22:00,Benfica,Chelsea,2.37,,1.45,Döntetlennél a tét visszajár
Web__51sz__P__06-27_camelot-page-7-table-2.csv,"Labdarúgás, Klubcsapat vb : 9. oldal",Szo   22:00,Benfica,Chelsea,1.72,,1.89,"Mindkét csapat szerez gólt (H: Igen, V: Nem)"
Web__51sz__P__06-27_camelot-page-17-table-2.csv,"Labdarúgás, Perui bajnokság : 14. oldal",V     18:00,Sporting Cristal,Comerciantes Unidos,1.1,6.5,12.0,
Web__51sz__P__06-27_camelot-page-17-table-2.csv,"Labdarúgás, Perui bajnokság : 14. oldal",V     22:00,Alianza Atlético,Atl. Grau,2.08,2.92,3.05,
Web__51sz__P__06-27_camelot-page-17-table-2.csv,"Labdarúgás, Perui bajnokság : 14. oldal",H     01:00,Cusco,Alianza Huanuco,1.39,4.0,5.5,
Web__51sz__P__06-27_camelot-page-17-table-2.csv,"Labdarúgás, Izlandi bajnokság : 11. oldal",V     19:00,Fram,ÍBV,1.93,3.45,2.92,
Web__51sz__P__06-27_camelot-page-17-table-2.csv,"Labdarúgás, Izlandi bajnokság : 11. oldal",V     19:00,Vestri,ÍA Akranes,1.92,3.4,2.97,
Web__51sz__P__06-27_camelot-page-17-table-2.csv,"Labdarúgás, Izlandi bajnokság : 11. oldal",V     21:15,KR,FH,1.9,3.85,2.75,
Web__51sz__P__06-27_camelot-page-17-table-2.csv,"Labdarúgás, Izlandi bajnokság : 11. oldal",V     21:15,Vikingur Reykjavik,Afturelding,1.27,4.85,6.25,
Web__51sz__P__06-27_camelot-page-17-table-2.csv,"Labdarúgás, Argentin 2. : 8. oldal",V     19:45,Atl. All Boys,Atl. Atlanta,2.83,2.53,2.49,
Web__51sz__P__06-27_camelot-page-17-table-2.csv,"Labdarúgás, Argentin 2. : 8. oldal",V     20:00,Estudiantes Buenos Aires,Central Norte Salta,1.59,3.1,5.0,
Web__51sz__P__06-27_camelot-page-17-table-2.csv,"Labdarúgás, Argentin 2. : 8. oldal",V     20:30,Alvarado,Racing de Cordoba,2.4,2.87,2.6,
Web__51sz__P__06-27_camelot-page-17-table-2.csv,"Labdarúgás, Argentin 2. : 8. oldal",V     20:30,Atl. Guemes,Atl. Los Andes,1.91,2.73,3.85,
Web__51sz__P__06-27_camelot-page-17-table-2.csv,"Labdarúgás, Argentin 2. : 8. oldal",V     20:30,Dep. Maipu,San Miguel,2.38,2.64,2.86,
Web__51sz__P__06-27_camelot-page-17-table-2.csv,"Labdarúgás, Argentin 2. : 8. oldal",V     21:00,Gimnasia Tiro de Salta,Club Almagro,1.83,2.76,4.15,
Web__51sz__P__06-27_camelot-page-17-table-2.csv,"Labdarúgás, Argentin 2. : 8. oldal",V     21:00,Estudiantes Rio Cuarto,Agropecuario Argentino,1.68,2.96,4.6,
Web__51sz__P__06-27_camelot-page-17-table-2.csv,"Labdarúgás, Ecuadori bajnokság : 10. oldal",V     20:00,Tecnico Univ. Ambato,El Nacional Quito,1.97,3.2,3.0,
Web__51sz__P__06-27_camelot-page-17-table-2.csv,"Labdarúgás, Ecuadori bajnokság : 10. oldal",V     22:30,Univ. Catolica de Quito,Independiente del Valle,2.92,3.1,2.07,
Web__51sz__P__06-27_camelot-page-17-table-2.csv,"Labdarúgás, Ecuadori bajnokság : 10. oldal",H     01:00,Macara Ambato,Emelec Guayaquil,1.97,2.98,3.25,
Web__51sz__P__06-27_camelot-page-17-table-2.csv,"Labdarúgás, Argentin 3., Metropolitana : 8. oldal",V     20:30,Dock Sud,Comunicaciones,2.32,2.87,2.69,
Web__51sz__P__06-27_camelot-page-17-table-2.csv,"Labdarúgás, Argentin 3., Metropolitana : 8. oldal",V     20:30,Ferrocarril Midland,Villa Dalmine,1.56,3.3,4.9,
Web__51sz__P__06-27_camelot-page-17-table-2.csv,"Labdarúgás, Argentin 3., Metropolitana : 8. oldal",V     20:30,UAI Urquiza,Atl. Fenix,1.61,3.3,4.4,
Web__51sz__P__06-27_camelot-page-17-table-2.csv,"Labdarúgás, Bolíviai bajnokság : 9. oldal",V     21:00,Nacional Potosi,Bolivar La Paz,3.35,3.7,1.72,
Web__51sz__P__06-27_camelot-page-17-table-2.csv,"Labdarúgás, Bolíviai bajnokság : 9. oldal",V     23:15,Aurora Cochabamba,Always Ready La Paz,2.57,3.6,2.07,
Web__51sz__P__06-27_camelot-page-17-table-2.csv,"Labdarúgás, Bolíviai bajnokság : 9. oldal",H     01:30,The Strongest,Universitario de Vinto,1.22,5.25,7.5,
Web__51sz__P__06-27_camelot-page-17-table-2.csv,"Labdarúgás, Brazil 2. : 9. oldal",V     21:00,Athletic Club SJDR,Remo,2.06,3.05,2.98,
Web__51sz__P__06-27_camelot-page-17-table-2.csv,"Labdarúgás, Brazil 2. : 9. oldal",V     21:00,Volta Redonda,Operario PR,1.98,2.78,3.5,
Web__51sz__P__06-27_camelot-page-17-table-2.csv,"Labdarúgás, Brazil 2. : 9. oldal",H     00:00,Chapecoense,Goiás,2.27,2.81,2.83,
Web__51sz__P__06-27_camelot-page-17-table-2.csv,"Labdarúgás, Brazil 2. : 9. oldal",H     00:00,Novorizontino,Amazonas AM,1.46,3.4,6.0,
Web__51sz__P__06-27_camelot-page-17-table-2.csv,"Labdarúgás, Brazil 3. : 9. oldal",V     21:30,ABC,Ypiranga RS,1.83,2.84,4.0,
Web__51sz__P__06-27_camelot-page-17-table-2.csv,"Labdarúgás, Brazil 3. : 9. oldal",V     21:30,Figueirense,Confianca,1.71,3.1,4.1,
Web__51sz__P__06-27_camelot-page-17-table-2.csv,"Labdarúgás, Brazil 3. : 9. oldal",H     00:00,SER Caxias do Sul,Ituano,1.94,2.93,3.45,
Web__51sz__P__06-27_camelot-page-17-table-2.csv,"Labdarúgás, Brazil 3. : 9. oldal",H     00:00,Tombense,Nautico PE,2.0,2.93,3.25,
Web__51sz__P__06-27_camelot-page-17-table-2.csv,"Labdarúgás, Gold Cup : 8. oldal",V     22:00,Kanada,Guatemala,1.26,5.0,8.5,
Web__51sz__P__06-27_camelot-page-17-table-2.csv,"Labdarúgás, Gold Cup : 8. oldal",V     22:00,Kanada,Guatemala,1.13,,4.45,Ki jut tovább?
Web__51sz__P__06-27_camelot-page-17-table-2.csv,"Labdarúgás, Gold Cup : 8. oldal",V     22:00,Kanada,Guatemala,1.07,1.14,2.48,"Kétesély (H: 1X, D: 12, V: X2)"
Web__51sz__P__06-27_camelot-page-17-table-2.csv,"Labdarúgás, Gold Cup : 8. oldal",V     22:00,Kanada,Guatemala,1.09,,5.25,Döntetlennél a tét visszajár
Web__51sz__P__06-27_camelot-page-17-table-2.csv,"Labdarúgás, Gold Cup : 8. oldal",V     22:00,Kanada,Guatemala,1.99,,1.64,"Mindkét csapat szerez gólt (H: Igen, V: Nem)"
Web__51sz__P__06-27_camelot-page-10-table-2.csv,"Labdarúgás, Brazil 3. : 9. oldal",Szo   22:00,Guarani SP,CSA,1.78,3.05,3.85,
Web__51sz__P__06-27_camelot-page-10-table-2.csv,"Labdarúgás, Brazil 3. : 9. oldal",Szo   22:00,Retro FC,Londrina,2.29,2.77,2.83,
Web__51sz__P__06-27_camelot-page-10-table-2.csv,"Labdarúgás, Brazil 3. : 9. oldal",V     00:30,Maringa PR,Ponte Preta,2.05,2.89,3.15,
Web__51sz__P__06-27_camelot-page-10-table-2.csv,"Labdarúgás, Brazil 3. : 9. oldal",V     00:30,Sao Bernardo FC,Anapolis GO,1.58,3.05,5.25,
Web__51sz__P__06-27_camelot-page-10-table-2.csv,"Labdarúgás, Gold Cup : 8. oldal",V     01:15,Panama,Honduras,1.51,3.95,5.25,
Web__51sz__P__06-27_camelot-page-10-table-2.csv,"Labdarúgás, Gold Cup : 8. oldal",V     01:15,Panama,Honduras,1.28,,3.05,Ki jut tovább?
Web__51sz__P__06-27_camelot-page-10-table-2.csv,"Labdarúgás, Gold Cup : 8. oldal",V     01:15,Panama,Honduras,1.14,1.21,1.93,"Kétesély (H: 1X, D: 12, V: X2)"
Web__51sz__P__06-27_camelot-page-10-table-2.csv,"Labdarúgás, Gold Cup : 8. oldal",V     01:15,Panama,Honduras,1.23,,3.4,Döntetlennél a tét visszajár
Web__51sz__P__06-27_camelot-page-10-table-2.csv,"Labdarúgás, Gold Cup : 8. oldal",V     01:15,Panama,Honduras,1.82,,1.78,"Mindkét csapat szerez gólt (H: Igen, V: Nem)"
Web__51sz__P__06-27_camelot-page-10-table-2.csv,"Labdarúgás, Gold Cup : 8. oldal",V     01:15,Panama,Honduras,5.0,4.4,1.38,Hendikep 0:2
Web__51sz__P__06-27_camelot-page-10-table-2.csv,"Labdarúgás, Gold Cup : 8. oldal",V     01:15,Panama,Honduras,2.58,3.45,2.12,Hendikep 0:1
Web__51sz__P__06-27_camelot-page-10-table-2.csv,"Labdarúgás, Gold Cup : 8. oldal",V     01:15,Panama,Honduras,1.14,5.5,11.0,Hendikep 1:0
Web__51sz__P__06-27_camelot-page-10-table-2.csv,"Labdarúgás, Gold Cup : 8. oldal",V     01:15,Panama,Honduras,3.5,,1.22,"Gólszám 1,5 (H: kev., V: több)"
Web__51sz__P__06-27_camelot-page-10-table-2.csv,"Labdarúgás, Gold Cup : 8. oldal",V     01:15,Panama,Honduras,1.88,,1.73,"Gólszám 2,5 (H: kev., V: több)"
Web__51sz__P__06-27_camelot-page-10-table-2.csv,"Labdarúgás, Gold Cup : 8. oldal",V     01:15,Panama,Honduras,1.34,,2.77,"Gólszám 3,5 (H: kev., V: több)"
Web__51sz__P__06-27_camelot-page-10-table-2.csv,"Labdarúgás, Gold Cup : 8. oldal",V     01:15,Panama,Honduras,2.05,2.16,5.0,1. félidő - 1X2
Web__51sz__P__06-27_camelot-page-10-table-2.csv,"Labdarúgás, Gold Cup : 8. oldal",V     01:15,Panama,Honduras,1.91,2.49,4.4,2. félidő - 1X2
Web__51sz__P__06-27_camelot-page-10-table-2.csv,"Labdarúgás, Gold Cup : 8. oldal",V     04:15,Mexikó,Szaúd,1.34,4.3,7.75,
Web__51sz__P__06-27_camelot-page-10-table-2.csv,"Labdarúgás, Gold Cup : 8. oldal",V     04:15,Mexikó,Szaúd,1.17,,3.9,Ki jut tovább?
Web__51sz__P__06-27_camelot-page-10-table-2.csv,"Labdarúgás, Gold Cup : 8. oldal",V     04:15,Mexikó,Szaúd,1.08,1.17,2.25,"Kétesély (H: 1X, D: 12, V: X2)"
Web__51sz__P__06-27_camelot-page-10-table-2.csv,"Labdarúgás, Gold Cup : 8. oldal",V     04:15,Mexikó,Szaúd,1.12,,4.65,Döntetlennél a tét visszajár
Web__51sz__P__06-27_camelot-page-10-table-2.csv,"Labdarúgás, Gold Cup : 8. oldal",V     04:15,Mexikó,Szaúd,2.23,,1.51,"Mindkét csapat szerez gólt (H: Igen, V: Nem)"
Web__51sz__P__06-27_camelot-page-10-table-2.csv,"Labdarúgás, Gold Cup : 8. oldal",V     04:15,Mexikó,Szaúd,4.2,3.95,1.52,Hendikep 0:2
Web__51sz__P__06-27_camelot-page-10-table-2.csv,"Labdarúgás, Gold Cup : 8. oldal",V     04:15,Mexikó,Szaúd,2.19,3.25,2.6,Hendikep 0:1
Web__51sz__P__06-27_camelot-page-10-table-2.csv,"Labdarúgás, Gold Cup : 8. oldal",V     04:15,Mexikó,Szaúd,1.07,6.25,18.0,Hendikep 1:0
Web__51sz__P__06-27_camelot-page-10-table-2.csv,"Labdarúgás, Gold Cup : 8. oldal",V     04:15,Mexikó,Szaúd,3.05,,1.28,"Gólszám 1,5 (H: kev., V: több)"
Web__51sz__P__06-27_camelot-page-10-table-2.csv,"Labdarúgás, Gold Cup : 8. oldal",V     04:15,Mexikó,Szaúd,1.71,,1.9,"Gólszám 2,5 (H: kev., V: több)"
Web__51sz__P__06-27_camelot-page-10-table-2.csv,"Labdarúgás, Gold Cup : 8. oldal",V     04:15,Mexikó,Szaúd,1.26,,3.15,"Gólszám 3,5 (H: kev., V: több)"
Web__51sz__P__06-27_camelot-page-20-table-1.csv,"Labdarúgás, Klubcsapat vb : 9. oldal",H     21:00,Internazionale,Fluminense RJ,1.65,3.55,4.5,
Web__51sz__P__06-27_camelot-page-20-table-1.csv,"Labdarúgás, Klubcsapat vb : 9. oldal",H     21:00,Internazionale,Fluminense RJ,1.38,,2.8,Ki jut tovább?
Web__51sz__P__06-27_camelot-page-20-table-1.csv,"Labdarúgás, Klubcsapat vb : 9. oldal",H     21:00,Internazionale,Fluminense RJ,1.18,1.25,1.76,"Kétesély (H: 1X, D: 12, V: X2)"
Web__51sz__P__06-27_camelot-page-20-table-1.csv,"Labdarúgás, Klubcsapat vb : 9. oldal",H     21:00,Internazionale,Fluminense RJ,1.3,,2.95,Döntetlennél a tét visszajár
Web__51sz__P__06-27_camelot-page-20-table-1.csv,"Labdarúgás, Klubcsapat vb : 9. oldal",H     21:00,Internazionale,Fluminense RJ,1.88,,1.73,"Mindkét csapat szerez gólt (H: Igen, V: Nem)"
Web__51sz__P__06-27_camelot-page-20-table-1.csv,"Labdarúgás, Klubcsapat vb : 9. oldal",H     21:00,Internazionale,Fluminense RJ,6.75,5.0,1.31,Hendikep 0:2
Web__51sz__P__06-27_camelot-page-20-table-1.csv,"Labdarúgás, Klubcsapat vb : 9. oldal",H     21:00,Internazionale,Fluminense RJ,3.15,3.6,1.94,Hendikep 0:1
Web__51sz__P__06-27_camelot-page-20-table-1.csv,"Labdarúgás, Klubcsapat vb : 9. oldal",H     21:00,Internazionale,Fluminense RJ,1.19,5.5,11.0,Hendikep 1:0
Web__51sz__P__06-27_camelot-page-20-table-1.csv,"Labdarúgás, Klubcsapat vb : 9. oldal",H     21:00,Internazionale,Fluminense RJ,3.1,,1.27,"Gólszám 1,5 (H: kev., V: több)"
Web__51sz__P__06-27_camelot-page-20-table-1.csv,"Labdarúgás, Klubcsapat vb : 9. oldal",H     21:00,Internazionale,Fluminense RJ,1.72,,1.9,"Gólszám 2,5 (H: kev., V: több)"
Web__51sz__P__06-27_camelot-page-20-table-1.csv,"Labdarúgás, Klubcsapat vb : 9. oldal",H     21:00,Internazionale,Fluminense RJ,1.26,,3.15,"Gólszám 3,5 (H: kev., V: több)"
Web__51sz__P__06-27_camelot-page-20-table-1.csv,"Labdarúgás, Klubcsapat vb : 9. oldal",H     21:00,Internazionale,Fluminense RJ,1.09,,5.25,"Gólszám 4,5 (H: kev., V: több)"
Web__51sz__P__06-27_camelot-page-20-table-1.csv,"Labdarúgás, Klubcsapat vb : 9. oldal",H     21:00,Internazionale,Fluminense RJ,5.75,1.13,10.5,Az első 10 perc eredménye (0-9:59)
Web__51sz__P__06-27_camelot-page-20-table-1.csv,"Labdarúgás, Klubcsapat vb : 9. oldal",H     21:00,Internazionale,Fluminense RJ,2.33,2.1,4.85,1. félidő - 1X2
Web__51sz__P__06-27_camelot-page-20-table-1.csv,"Labdarúgás, Klubcsapat vb : 9. oldal",H     21:00,Internazionale,Fluminense RJ,2.09,2.36,4.05,2. félidő - 1X2
Web__51sz__P__06-27_camelot-page-20-table-1.csv,"Labdarúgás, Klubcsapat vb : 9. oldal",H     21:00,Internazionale,Fluminense RJ,5.25,,1.13,"Lesz hosszabbítás+Lesz gól a hosszabbításban? (H: Igen, V: Nem)"
Web__51sz__P__06-27_camelot-page-20-table-1.csv,"Labdarúgás, Klubcsapat vb : 9. oldal",H     21:00,Internazionale,Fluminense RJ,5.5,,1.11,"A továbbjutás 11-es párbajban dől el? (H: Igen, V: Nem)"
Web__51sz__P__06-27_camelot-page-20-table-1.csv,"Labdarúgás, Bolíviai bajnokság : 9. oldal",H     21:00,Academia del Balompie Boliviano,Blooming Santa Cruz,1.68,3.6,3.6,
Web__51sz__P__06-27_camelot-page-20-table-1.csv,"Labdarúgás, Bolíviai bajnokság : 9. oldal",H     23:30,CDT Real Oruro,Jorge Wilstermann,1.58,3.55,4.25,
Web__51sz__P__06-27_camelot-page-20-table-1.csv,"Labdarúgás, Bolíviai bajnokság : 9. oldal",K     02:00,Guabira Montero,Independiente Petrolero,1.71,3.55,3.55,
Web__51sz__P__06-27_camelot-page-20-table-1.csv,"Labdarúgás, Brazil 3. : 9. oldal",H     21:00,Floresta,Brusque,2.66,2.58,2.59,
Web__51sz__P__06-27_camelot-page-20-table-1.csv,"Labdarúgás, Brazil 3. : 9. oldal",K     00:30,Itabaiana SE,Botafogo PB,2.27,2.75,2.88,
Web__51sz__P__06-27_camelot-page-20-table-1.csv,"Labdarúgás, Argentin 2. : 8. oldal",K     00:00,Colón,Mitre Santiago del Estero,1.87,2.77,3.9,
Web__51sz__P__06-27_camelot-page-20-table-1.csv,"Labdarúgás, Brazil 2. : 9. oldal",K     00:00,Paysandu,Ferroviaria SP,1.86,2.9,3.7,
Web__51sz__P__06-27_camelot-page-20-table-1.csv,"Labdarúgás, Brazil 2. : 9. oldal",K     02:00,Cuiaba,Botafogo SP,1.51,3.4,5.25,
Web__51sz__P__06-27_camelot-page-20-table-1.csv,"Labdarúgás, Uruguayi bajnokság : 13. oldal",K     00:00,Cerro Largo Melo,River Plate Montevideo,1.65,3.2,4.3,
Web__51sz__P__06-27_camelot-page-20-table-1.csv,"Labdarúgás, Ecuadori bajnokság : 10. oldal",K     02:00,Cuniburo FC,Aucas Quito,2.88,3.1,2.08,
Web__51sz__P__06-27_camelot-page-20-table-1.csv,"Labdarúgás, Klubcsapat vb : 9. oldal",Sze   03:00,Dortmund,Monterrey,1.65,3.75,4.2,
Web__51sz__P__06-27_camelot-page-20-table-1.csv,"Labdarúgás, Klubcsapat vb : 9. oldal",Sze   03:00,Dortmund,Monterrey,1.4,,2.72,Ki jut tovább?
Web__51sz__P__06-27_camelot-page-8-table-1.csv,"Labdarúgás, Argentin Kupa",Szo   18:00,Rosario Central,Union SF,1.99,2.88,3.35,
Web__51sz__P__06-27_camelot-page-8-table-1.csv,"Labdarúgás, Argentin 3. : 8, 9. oldal",Szo   18:00,Sportivo Italiano,Dep. Flandria,2.1,2.69,3.3,
Web__51sz__P__06-27_camelot-page-8-table-1.csv,"Labdarúgás, Argentin 3. : 8, 9. oldal",Szo   20:30,Dep. Merlo,Dep. Armenio,1.93,2.95,3.4,
Web__51sz__P__06-27_camelot-page-8-table-1.csv,"Labdarúgás, Argentin 3. : 8, 9. oldal",Szo   20:30,Villa San Carlos,CSYD Liniers,1.8,2.97,3.85,
Web__51sz__P__06-27_camelot-page-8-table-1.csv,"Labdarúgás, Argentin 3. : 8, 9. oldal",Szo   22:00,Excursionistas,Argentino de Quilmes,1.78,2.97,3.95,
Web__51sz__P__06-27_camelot-page-8-table-1.csv,"Labdarúgás, Argentin 3. : 8, 9. oldal",V     00:15,Real Pilar,Dep. Laferrere,1.65,3.35,4.05,
Web__51sz__P__06-27_camelot-page-8-table-1.csv,"Labdarúgás, Norvég bajnokság : 13. oldal",Szo   18:00,Rosenborg,Viking Stavanger,2.15,3.8,2.62,
Web__51sz__P__06-27_camelot-page-8-table-1.csv,"Labdarúgás, Argentin 2. : 9. oldal",Szo   20:00,Arsenal Sarandí,Atl. Colegiales,2.13,2.63,3.35,
Web__51sz__P__06-27_camelot-page-8-table-1.csv,"Labdarúgás, Argentin 2. : 9. oldal",Szo   20:00,Tristan Suarez,Ferro Carril Oeste,2.05,2.79,3.3,
Web__51sz__P__06-27_camelot-page-8-table-1.csv,"Labdarúgás, Argentin 2. : 9. oldal",Szo   20:15,Chacarita Juniors,Nueva Chicago,1.64,3.05,4.65,
Web__51sz__P__06-27_camelot-page-8-table-1.csv,"Labdarúgás, Argentin 2. : 9. oldal",Szo   20:30,Talleres de Remedios,Gimnasia Jujuy,4.25,2.67,1.85,
Web__51sz__P__06-27_camelot-page-8-table-1.csv,"Labdarúgás, Argentin 2. : 9. oldal",Szo   22:15,Atl. Temperley,Chaco For Ever,1.98,2.64,3.75,
Web__51sz__P__06-27_camelot-page-8-table-1.csv,"Labdarúgás, Argentin 2. : 9. oldal",Szo   23:00,Dep. Madryn,Quilmes,1.65,2.98,4.8,
Web__51sz__P__06-27_camelot-page-8-table-1.csv,"Labdarúgás, Argentin 2. : 9. oldal",Szo   23:00,San Martin de Tucuman,Patronato Parana,1.59,3.15,4.9,
Web__51sz__P__06-27_camelot-page-8-table-1.csv,"Labdarúgás, Perui bajnokság : 14. oldal",Szo   20:00,Dep. Tarma,Dep. Garcilaso,1.77,3.2,3.65,
Web__51sz__P__06-27_camelot-page-8-table-1.csv,"Labdarúgás, Perui bajnokság : 14. oldal",Szo   22:15,UTC de Cajamarca,Sport Boys Callao,1.76,3.2,3.75,
Web__51sz__P__06-27_camelot-page-8-table-1.csv,"Labdarúgás, Perui bajnokság : 14. oldal",V     01:15,Melgar,Alianza Lima,1.85,3.05,3.55,
Web__51sz__P__06-27_camelot-page-2-table-1.csv,"Labdarúgás, Dél-koreai bajnokság : 9. oldal",P     12:30,Daejeon Citizen,Jeju,2.04,3.3,3.15,
Web__51sz__P__06-27_camelot-page-2-table-1.csv,"Labdarúgás, Dél-koreai bajnokság : 9. oldal",P     12:30,Gimcheon Sangmu,Jeonbuk,2.78,3.3,2.25,
Web__51sz__P__06-27_camelot-page-2-table-1.csv,"Labdarúgás, Válogatott mérkőzés, női",P     15:30,Lengyelország,Ukrajna,1.11,5.75,13.5,
Web__51sz__P__06-27_camelot-page-2-table-1.csv,"Labdarúgás, Válogatott mérkőzés, női",P     15:30,Lengyelország,Ukrajna,1.02,1.04,2.8,"Kétesély (H: 1X, D: 12, V: X2)"
Web__51sz__P__06-27_camelot-page-2-table-1.csv,"Labdarúgás, Válogatott mérkőzés, női",P     15:30,Lengyelország,Ukrajna,1.02,,7.75,Döntetlennél a tét visszajár
Web__51sz__P__06-27_camelot-page-2-table-1.csv,"Labdarúgás, Válogatott mérkőzés, női",P     15:30,Lengyelország,Ukrajna,2.24,,1.51,"Mindkét csapat szerez gólt (H: Igen, V: Nem)"
Web__51sz__P__06-27_camelot-page-2-table-1.csv,"Labdarúgás, Válogatott mérkőzés, női",P     15:30,Lengyelország,Ukrajna,1.41,4.2,5.0,Hendikep 0:1
Web__51sz__P__06-27_camelot-page-2-table-1.csv,"Labdarúgás, Válogatott mérkőzés, női",P     15:30,Lengyelország,Ukrajna,2.62,,1.37,"Gólszám 2,5 (H: kev., V: több)"
Web__51sz__P__06-27_camelot-page-2-table-1.csv,"Labdarúgás, Válogatott mérkőzés, női",P     19:00,Szerbia,Izland,3.8,3.4,1.69,
Web__51sz__P__06-27_camelot-page-2-table-1.csv,"Labdarúgás, Válogatott mérkőzés, női",P     19:00,Szerbia,Izland,1.66,1.19,1.16,"Kétesély (H: 1X, D: 12, V: X2)"
Web__51sz__P__06-27_camelot-page-2-table-1.csv,"Labdarúgás, Válogatott mérkőzés, női",P     19:00,Szerbia,Izland,2.87,,1.31,Döntetlennél a tét visszajár
Web__51sz__P__06-27_camelot-page-2-table-1.csv,"Labdarúgás, Válogatott mérkőzés, női",P     19:00,Szerbia,Izland,1.73,,1.88,"Mindkét csapat szerez gólt (H: Igen, V: Nem)"
Web__51sz__P__06-27_camelot-page-2-table-1.csv,"Labdarúgás, Válogatott mérkőzés, női",P     19:00,Szerbia,Izland,1.9,,1.71,"Gólszám 2,5 (H: kev., V: több)"
Web__51sz__P__06-27_camelot-page-2-table-1.csv,"Labdarúgás, Válogatott mérkőzés, női",P     21:00,Spanyolország,Japán,1.3,4.3,6.75,
Web__51sz__P__06-27_camelot-page-2-table-1.csv,"Labdarúgás, Válogatott mérkőzés, női",P     21:00,Spanyolország,Japán,1.06,1.11,2.19,"Kétesély (H: 1X, D: 12, V: X2)"
Web__51sz__P__06-27_camelot-page-2-table-1.csv,"Labdarúgás, Válogatott mérkőzés, női",P     21:00,Spanyolország,Japán,1.1,,4.95,Döntetlennél a tét visszajár
Web__51sz__P__06-27_camelot-page-2-table-1.csv,"Labdarúgás, Válogatott mérkőzés, női",P     21:00,Spanyolország,Japán,1.8,,1.81,"Mindkét csapat szerez gólt (H: Igen, V: Nem)"
Web__51sz__P__06-27_camelot-page-2-table-1.csv,"Labdarúgás, Válogatott mérkőzés, női",P     21:00,Spanyolország,Japán,1.87,3.7,2.91,Hendikep 0:1
Web__51sz__P__06-27_camelot-page-2-table-1.csv,"Labdarúgás, Válogatott mérkőzés, női",P     21:00,Spanyolország,Japán,2.32,,1.47,"Gólszám 2,5 (H: kev., V: több)"
Web__51sz__P__06-27_camelot-page-2-table-1.csv,"Labdarúgás, Válogatott mérkőzés, női",P     21:10,Franciaország,Brazília,1.64,3.3,4.25,
Web__51sz__P__06-27_camelot-page-2-table-1.csv,"Labdarúgás, Válogatott mérkőzés, női",P     21:10,Franciaország,Brazília,1.14,1.2,1.7,"Kétesély (H: 1X, D: 12, V: X2)"
Web__51sz__P__06-27_camelot-page-2-table-1.csv,"Labdarúgás, Válogatott mérkőzés, női",P     21:10,Franciaország,Brazília,1.27,,3.1,Döntetlennél a tét visszajár
Web__51sz__P__06-27_camelot-page-2-table-1.csv,"Labdarúgás, Válogatott mérkőzés, női",P     21:10,Franciaország,Brazília,1.74,,1.87,"Mindkét csapat szerez gólt (H: Igen, V: Nem)"
Web__51sz__P__06-27_camelot-page-2-table-1.csv,"Labdarúgás, Válogatott mérkőzés, női",P     21:10,Franciaország,Brazília,1.9,,1.71,"Gólszám 2,5 (H: kev., V: több)"
Web__51sz__P__06-27_camelot-page-2-table-1.csv,"Labdarúgás, Finn bajnokság : 10. oldal",P     17:00,Gnistan,Inter Turku,3.65,3.5,1.69,
Web__51sz__P__06-27_camelot-page-2-table-1.csv,"Labdarúgás, Finn bajnokság : 10. oldal",P     19:00,Kuopio PS,Helsinki JK,2.84,3.25,2.04,
Web__51sz__P__06-27_camelot-page-2-table-1.csv,"Labdarúgás, Finn 2. : 10. oldal",P     17:30,Ekenas IF,PK,2.09,3.1,2.86,
Web__51sz__P__06-27_camelot-page-2-table-1.csv,"Labdarúgás, Finn 2. : 10. oldal",P     18:00,Turku PS,JäPS,1.33,4.85,5.25,
Web__51sz__P__06-27_camelot-page-2-table-1.csv,"Labdarúgás, Svéd 2. : 14. oldal",P     19:00,Brage,Sandviken,2.19,3.35,2.52,
Web__51sz__P__06-27_camelot-page-2-table-1.csv,"Labdarúgás, Svéd 2. : 14. oldal",P     19:00,Varberg,Utsikten,1.48,3.8,4.75,
Web__51sz__P__06-27_camelot-page-2-table-1.csv,"Labdarúgás, Svéd 3. : 14. oldal",P     19:00,Ariana,Rosengard,1.85,3.2,3.4,
Web__51sz__P__06-27_camelot-page-2-table-1.csv,"Labdarúgás, Svéd 3. : 14. oldal",P     19:00,AFC Eskilstuna,Örebro Syrianska,1.65,3.7,3.65,
Web__51sz__P__06-27_camelot-page-2-table-1.csv,"Labdarúgás, Svéd 3. : 14. oldal",P     19:00,Karlberg,Sollentuna FF,1.62,3.8,3.75,
Web__51sz__P__06-27_camelot-page-2-table-1.csv,"Labdarúgás, U19 Eb, női, rájátszás",P     20:00,U19Franciaország,U19Spanyolország,2.9,3.35,2.3,
Web__51sz__P__06-27_camelot-page-2-table-1.csv,"Labdarúgás, U19 Eb, női, rájátszás",P     20:00,U19Franciaország,U19Spanyolország,1.98,,1.65,Ki nyeri a döntőt?
Web__51sz__P__06-27_camelot-page-2-table-1.csv,"Labdarúgás, U19 Eb, női, rájátszás",P     20:00,U19Franciaország,U19Spanyolország,1.41,1.23,1.28,"Kétesély (H: 1X, D: 12, V: X2)"
Web__51sz__P__06-27_camelot-page-2-table-1.csv,"Labdarúgás, U19 Eb, női, rájátszás",P     20:00,U19Franciaország,U19Spanyolország,2.02,,1.63,Döntetlennél a tét visszajár
Web__51sz__P__06-27_camelot-page-2-table-1.csv,"Labdarúgás, U19 Eb, női, rájátszás",P     20:00,U19Franciaország,U19Spanyolország,1.8,,1.81,"Mindkét csapat szerez gólt (H: Igen, V: Nem)"
Web__51sz__P__06-27_camelot-page-2-table-1.csv,"Labdarúgás, U19 Eb, női, rájátszás",P     20:00,U19Franciaország,U19Spanyolország,6.0,4.15,1.34,Hendikep 0:1
Web__51sz__P__06-27_camelot-page-2-table-1.csv,"Labdarúgás, U19 Eb, női, rájátszás",P     20:00,U19Franciaország,U19Spanyolország,1.52,3.75,4.4,Hendikep 1:0
Web__51sz__P__06-27_camelot-page-2-table-1.csv,"Labdarúgás, U19 Eb, női, rájátszás",P     20:00,U19Franciaország,U19Spanyolország,1.14,5.75,10.0,Hendikep 2:0
Web__51sz__P__06-27_camelot-page-2-table-1.csv,"Labdarúgás, U19 Eb, női, rájátszás",P     20:00,U19Franciaország,U19Spanyolország,2.84,,1.32,"Gólszám 1,5 (H: kev., V: több)"
Web__51sz__P__06-27_camelot-page-2-table-1.csv,"Labdarúgás, U19 Eb, női, rájátszás",P     20:00,U19Franciaország,U19Spanyolország,1.65,,1.99,"Gólszám 2,5 (H: kev., V: több)"
Web__51sz__P__06-27_camelot-page-2-table-1.csv,"Labdarúgás, U19 Eb, női, rájátszás",P     20:00,U19Franciaország,U19Spanyolország,1.23,,3.4,"Gólszám 3,5 (H: kev., V: több)"
Web__51sz__P__06-27_camelot-page-15-table-1.csv,"Labdarúgás, Japán bajnokság : 11. oldal",V     11:00,Albirex Niigata,Machida Zelvia,3.7,3.15,1.92,
Web__51sz__P__06-27_camelot-page-15-table-1.csv,"Labdarúgás, Japán bajnokság : 11. oldal",V     11:00,Tokyo Verdy,Kawasaki Frontale,3.75,3.4,1.83,
Web__51sz__P__06-27_camelot-page-15-table-1.csv,"Labdarúgás, Dél-koreai bajnokság : 9. oldal",V     12:00,FC Seoul,Pohang,1.84,3.3,3.8,
Web__51sz__P__06-27_camelot-page-15-table-1.csv,"Labdarúgás, Dél-koreai 2. : 9. oldal",V     12:00,Cheongju,Jeonnam,2.82,3.2,2.07,
Web__51sz__P__06-27_camelot-page-15-table-1.csv,"Labdarúgás, Dél-koreai 2. : 9. oldal",V     12:00,Gimpo Citizen,Incheon,3.7,3.05,1.82,
Web__51sz__P__06-27_camelot-page-15-table-1.csv,"Labdarúgás, Dél-koreai 2. : 9. oldal",V     12:00,Suwon Bluewings,Busan I'Park,1.81,3.3,3.4,
Web__51sz__P__06-27_camelot-page-15-table-1.csv,"Labdarúgás, Kínai bajnokság : 12. oldal",V     12:30,Changchun Yatai,Shanghai Shenhua,7.75,5.5,1.26,
Web__51sz__P__06-27_camelot-page-15-table-1.csv,"Labdarúgás, Kínai bajnokság : 12. oldal",V     12:30,Qingdao West Coast,Qingdao Hainiu,1.61,3.8,4.45,
Web__51sz__P__06-27_camelot-page-15-table-1.csv,"Labdarúgás, Kínai bajnokság : 12. oldal",V     13:00,Meizhou Hakka,Tianjin Tigers,2.68,3.8,2.1,
Web__51sz__P__06-27_camelot-page-15-table-1.csv,"Labdarúgás, Kínai bajnokság : 12. oldal",V     13:35,Wuhan Three Towns,Chengdu Rongcheng,5.25,4.4,1.43,
Web__51sz__P__06-27_camelot-page-15-table-1.csv,"Labdarúgás, Norvég 3. : 13. oldal",V     13:00,Brattvag,Notodden,1.57,3.85,3.95,
Web__51sz__P__06-27_camelot-page-15-table-1.csv,"Labdarúgás, Norvég 3. : 13. oldal",V     14:30,Traeff,Sotra,3.25,3.5,1.8,
Web__51sz__P__06-27_camelot-page-15-table-1.csv,"Labdarúgás, Norvég 3. : 13. oldal",V     16:00,Lysekloster,Jerv,2.31,3.1,2.55,
Web__51sz__P__06-27_camelot-page-15-table-1.csv,"Labdarúgás, Svéd 2. : 14. oldal",V     13:00,Örebro,Kalmar,4.0,3.6,1.6,
Web__51sz__P__06-27_camelot-page-15-table-1.csv,"Labdarúgás, Svéd 2. : 14. oldal",V     15:00,Falkenberg,Umea FC,1.3,4.45,6.25,
Web__51sz__P__06-27_camelot-page-15-table-1.csv,"Labdarúgás, Svéd bajnokság : 14. oldal",V     14:00,AIK Stockholm,Göteborg,1.8,3.45,3.8,
Web__51sz__P__06-27_camelot-page-15-table-1.csv,"Labdarúgás, Svéd bajnokság : 14. oldal",V     14:00,Degerfors,Brommapojkarna,2.08,3.55,2.87,
Web__51sz__P__06-27_camelot-page-15-table-1.csv,"Labdarúgás, Svéd bajnokság : 14. oldal",V     16:30,Häcken,GAIS,2.18,3.6,2.67,
Web__51sz__P__06-27_camelot-page-15-table-1.csv,"Labdarúgás, Svéd bajnokság : 14. oldal",V     16:30,Värnamo,Elfsborg,3.8,3.55,1.76,
Web__51sz__P__06-27_camelot-page-15-table-1.csv,"Labdarúgás, Norvég bajnokság : 13. oldal",V     14:30,Haugesund,Kristiansund,2.97,3.65,2.0,
Web__51sz__P__06-27_camelot-page-15-table-1.csv,"Labdarúgás, Norvég bajnokság : 13. oldal",V     17:00,Bodö/Glimt,Sarpsborg,1.17,6.5,9.5,
Web__51sz__P__06-27_camelot-page-15-table-1.csv,"Labdarúgás, Norvég bajnokság : 13. oldal",V     17:00,Bryne,Ham,1.74,3.7,3.75,
Web__51sz__P__06-27_camelot-page-15-table-1.csv,"Labdarúgás, Norvég bajnokság : 13. oldal",V     17:00,Fredrikstad,Tromsö,2.16,3.25,2.96,
Web__51sz__P__06-27_camelot-page-15-table-1.csv,"Labdarúgás, Norvég bajnokság : 13. oldal",V     17:00,Molde,KFUM Oslo,1.66,3.65,4.3,
Web__51sz__P__06-27_camelot-page-15-table-1.csv,"Labdarúgás, Norvég bajnokság : 13. oldal",V     19:15,Strömsgodset,Valerenga,2.2,3.7,2.6,
Web__51sz__P__06-27_camelot-page-15-table-1.csv,"Labdarúgás, Finn 2. : 10. oldal",V     15:00,JIPPO,KaPa,1.28,4.75,6.25,
Web__51sz__P__06-27_camelot-page-15-table-1.csv,"Labdarúgás, Svéd 3. : 14. oldal",V     15:00,Team TG,IFK Stocksund,2.18,3.6,2.42,
Web__51sz__P__06-27_camelot-page-15-table-1.csv,"Labdarúgás, Norvég 2. : 13. oldal",V     17:00,Lyn,Asane,1.94,3.6,2.81,
Web__51sz__P__06-27_camelot-page-15-table-1.csv,"Labdarúgás, Uruguayi bajnokság : 13. oldal",V     17:30,Juventud de Las Piedras,Progreso Montevideo,1.89,3.3,3.15,
Web__51sz__P__06-27_camelot-page-15-table-1.csv,"Labdarúgás, Uruguayi bajnokság : 13. oldal",V     20:00,Racing Montevideo,Montevideo City Torque,2.13,3.05,2.83,
Web__51sz__P__06-27_camelot-page-15-table-1.csv,"Labdarúgás, Uruguayi bajnokság : 13. oldal",V     23:00,Nacional Montevideo,Danubio Montevideo,1.35,4.1,6.0,
Web__51sz__P__06-27_camelot-page-15-table-1.csv,"Labdarúgás, Klubcsapat vb : 9. oldal",V     18:00,Paris SG,Inter Miami,1.12,7.25,12.0,
Web__51sz__P__06-27_camelot-page-15-table-1.csv,"Labdarúgás, Klubcsapat vb : 9. oldal",V     18:00,Paris SG,Inter Miami,1.07,,6.75,Ki jut tovább?
Web__51sz__P__06-27_camelot-page-15-table-1.csv,"Labdarúgás, Klubcsapat vb : 9. oldal",V     18:00,Paris SG,Inter Miami,1.04,1.07,3.1,"Kétesély (H: 1X, D: 12, V: X2)"
Web__51sz__P__06-27_camelot-page-15-table-1.csv,"Labdarúgás, Klubcsapat vb : 9. oldal",V     18:00,Paris SG,Inter Miami,1.04,,6.75,Döntetlennél a tét visszajár
Web__51sz__P__06-27_camelot-page-15-table-1.csv,"Labdarúgás, Klubcsapat vb : 9. oldal",V     18:00,Paris SG,Inter Miami,1.78,,1.82,"Mindkét csapat szerez gólt (H: Igen, V: Nem)"
Web__51sz__P__06-27_camelot-page-15-table-1.csv,"Labdarúgás, Klubcsapat vb : 9. oldal",V     18:00,Paris SG,Inter Miami,3.8,4.85,1.56,Hendikep 0:3
Web__51sz__P__06-27_camelot-page-15-table-1.csv,"Labdarúgás, Klubcsapat vb : 9. oldal",V     18:00,Paris SG,Inter Miami,2.25,4.15,2.36,Hendikep 0:2
Web__51sz__P__06-27_camelot-page-15-table-1.csv,"Labdarúgás, Klubcsapat vb : 9. oldal",V     18:00,Paris SG,Inter Miami,1.51,4.45,4.45,Hendikep 0:1
Web__51sz__P__06-27_camelot-page-15-table-1.csv,"Labdarúgás, Klubcsapat vb : 9. oldal",V     18:00,Paris SG,Inter Miami,3.1,,1.27,"Gólszám 2,5 (H: kev., V: több)"
Web__51sz__P__06-27_camelot-page-15-table-1.csv,"Labdarúgás, Klubcsapat vb : 9. oldal",V     18:00,Paris SG,Inter Miami,1.88,,1.73,"Gólszám 3,5 (H: kev., V: több)"
Web__51sz__P__06-27_camelot-page-15-table-1.csv,"Labdarúgás, Klubcsapat vb : 9. oldal",V     18:00,Paris SG,Inter Miami,1.38,,2.58,"Gólszám 4,5 (H: kev., V: több)"
Web__51sz__P__06-27_camelot-page-15-table-1.csv,"Labdarúgás, Klubcsapat vb : 9. oldal",V     18:00,Paris SG,Inter Miami,1.16,,4.05,"Gólszám 5,5 (H: kev., V: több)"
Web__51sz__P__06-27_camelot-page-20-table-2.csv,"Labdarúgás, Klubcsapat vb : 9. oldal",H     21:00,Internazionale,Fluminense RJ,1.65,3.55,4.5,
Web__51sz__P__06-27_camelot-page-20-table-2.csv,"Labdarúgás, Klubcsapat vb : 9. oldal",H     21:00,Internazionale,Fluminense RJ,1.38,,2.8,Ki jut tovább?
Web__51sz__P__06-27_camelot-page-20-table-2.csv,"Labdarúgás, Klubcsapat vb : 9. oldal",H     21:00,Internazionale,Fluminense RJ,1.18,1.25,1.76,"Kétesély (H: 1X, D: 12, V: X2)"
Web__51sz__P__06-27_camelot-page-20-table-2.csv,"Labdarúgás, Klubcsapat vb : 9. oldal",H     21:00,Internazionale,Fluminense RJ,1.3,,2.95,Döntetlennél a tét visszajár
Web__51sz__P__06-27_camelot-page-20-table-2.csv,"Labdarúgás, Klubcsapat vb : 9. oldal",H     21:00,Internazionale,Fluminense RJ,1.88,,1.73,"Mindkét csapat szerez gólt (H: Igen, V: Nem)"
Web__51sz__P__06-27_camelot-page-20-table-2.csv,"Labdarúgás, Klubcsapat vb : 9. oldal",H     21:00,Internazionale,Fluminense RJ,6.75,5.0,1.31,Hendikep 0:2
Web__51sz__P__06-27_camelot-page-20-table-2.csv,"Labdarúgás, Klubcsapat vb : 9. oldal",H     21:00,Internazionale,Fluminense RJ,3.15,3.6,1.94,Hendikep 0:1
Web__51sz__P__06-27_camelot-page-20-table-2.csv,"Labdarúgás, Klubcsapat vb : 9. oldal",H     21:00,Internazionale,Fluminense RJ,1.19,5.5,11.0,Hendikep 1:0
Web__51sz__P__06-27_camelot-page-20-table-2.csv,"Labdarúgás, Klubcsapat vb : 9. oldal",H     21:00,Internazionale,Fluminense RJ,3.1,,1.27,"Gólszám 1,5 (H: kev., V: több)"
Web__51sz__P__06-27_camelot-page-20-table-2.csv,"Labdarúgás, Klubcsapat vb : 9. oldal",H     21:00,Internazionale,Fluminense RJ,1.72,,1.9,"Gólszám 2,5 (H: kev., V: több)"
Web__51sz__P__06-27_camelot-page-20-table-2.csv,"Labdarúgás, Klubcsapat vb : 9. oldal",H     21:00,Internazionale,Fluminense RJ,1.26,,3.15,"Gólszám 3,5 (H: kev., V: több)"
Web__51sz__P__06-27_camelot-page-20-table-2.csv,"Labdarúgás, Klubcsapat vb : 9. oldal",H     21:00,Internazionale,Fluminense RJ,1.09,,5.25,"Gólszám 4,5 (H: kev., V: több)"
Web__51sz__P__06-27_camelot-page-20-table-2.csv,"Labdarúgás, Klubcsapat vb : 9. oldal",H     21:00,Internazionale,Fluminense RJ,5.75,1.13,10.5,Az első 10 perc eredménye (0-9:59)
Web__51sz__P__06-27_camelot-page-20-table-2.csv,"Labdarúgás, Klubcsapat vb : 9. oldal",H     21:00,Internazionale,Fluminense RJ,2.33,2.1,4.85,1. félidő - 1X2
Web__51sz__P__06-27_camelot-page-20-table-2.csv,"Labdarúgás, Klubcsapat vb : 9. oldal",H     21:00,Internazionale,Fluminense RJ,2.09,2.36,4.05,2. félidő - 1X2
Web__51sz__P__06-27_camelot-page-20-table-2.csv,"Labdarúgás, Klubcsapat vb : 9. oldal",H     21:00,Internazionale,Fluminense RJ,5.25,,1.13,"Lesz hosszabbítás+Lesz gól a hosszabbításban? (H: Igen, V: Nem)"
Web__51sz__P__06-27_camelot-page-20-table-2.csv,"Labdarúgás, Klubcsapat vb : 9. oldal",H     21:00,Internazionale,Fluminense RJ,5.5,,1.11,"A továbbjutás 11-es párbajban dől el? (H: Igen, V: Nem)"
Web__51sz__P__06-27_camelot-page-20-table-2.csv,"Labdarúgás, Bolíviai bajnokság : 9. oldal",H     21:00,Academia del Balompie Boliviano,Blooming Santa Cruz,1.68,3.6,3.6,
Web__51sz__P__06-27_camelot-page-20-table-2.csv,"Labdarúgás, Bolíviai bajnokság : 9. oldal",H     23:30,CDT Real Oruro,Jorge Wilstermann,1.58,3.55,4.25,
Web__51sz__P__06-27_camelot-page-20-table-2.csv,"Labdarúgás, Bolíviai bajnokság : 9. oldal",K     02:00,Guabira Montero,Independiente Petrolero,1.71,3.55,3.55,
Web__51sz__P__06-27_camelot-page-20-table-2.csv,"Labdarúgás, Brazil 3. : 9. oldal",H     21:00,Floresta,Brusque,2.66,2.58,2.59,
Web__51sz__P__06-27_camelot-page-20-table-2.csv,"Labdarúgás, Brazil 3. : 9. oldal",K     00:30,Itabaiana SE,Botafogo PB,2.27,2.75,2.88,
Web__51sz__P__06-27_camelot-page-20-table-2.csv,"Labdarúgás, Argentin 2. : 8. oldal",K     00:00,Colón,Mitre Santiago del Estero,1.87,2.77,3.9,
Web__51sz__P__06-27_camelot-page-20-table-2.csv,"Labdarúgás, Brazil 2. : 9. oldal",K     00:00,Paysandu,Ferroviaria SP,1.86,2.9,3.7,
Web__51sz__P__06-27_camelot-page-20-table-2.csv,"Labdarúgás, Brazil 2. : 9. oldal",K     02:00,Cuiaba,Botafogo SP,1.51,3.4,5.25,
Web__51sz__P__06-27_camelot-page-20-table-2.csv,"Labdarúgás, Uruguayi bajnokság : 13. oldal",K     00:00,Cerro Largo Melo,River Plate Montevideo,1.65,3.2,4.3,
Web__51sz__P__06-27_camelot-page-20-table-2.csv,"Labdarúgás, Ecuadori bajnokság : 10. oldal",K     02:00,Cuniburo FC,Aucas Quito,2.88,3.1,2.08,
Web__51sz__P__06-27_camelot-page-20-table-2.csv,"Labdarúgás, Klubcsapat vb : 9. oldal",Sze   03:00,Dortmund,Monterrey,1.65,3.75,4.2,
Web__51sz__P__06-27_camelot-page-20-table-2.csv,"Labdarúgás, Klubcsapat vb : 9. oldal",Sze   03:00,Dortmund,Monterrey,1.4,,2.72,Ki jut tovább?
Web__51sz__P__06-27_camelot-page-7-table-1.csv,"Labdarúgás, Izlandi 2. : 11. oldal",Szo   15:00,Völsungur Husavik,Fylkir,2.76,3.35,2.05,
Web__51sz__P__06-27_camelot-page-7-table-1.csv,"Labdarúgás, Svéd bajnokság : 14. oldal",Szo   15:00,Hammarby,Halmstad,1.2,5.75,9.75,
Web__51sz__P__06-27_camelot-page-7-table-1.csv,"Labdarúgás, Svéd bajnokság : 14. oldal",Szo   17:30,Öster,Sirius,2.94,3.5,2.07,
Web__51sz__P__06-27_camelot-page-7-table-1.csv,"Labdarúgás, Feröer-szigeteki bajnokság : 10. oldal",Szo   16:00,HB Torshavn,TB Tvöroyri,1.04,8.25,15.0,
Web__51sz__P__06-27_camelot-page-7-table-1.csv,"Labdarúgás, Uruguayi bajnokság : 13. oldal",Szo   17:00,Liverpool Montevideo,Montevideo Wanderers,1.68,3.35,3.9,
Web__51sz__P__06-27_camelot-page-7-table-1.csv,"Labdarúgás, Uruguayi bajnokság : 13. oldal",Szo   20:00,Defensor Montevideo,Plaza Colonia,1.66,3.3,4.15,
Web__51sz__P__06-27_camelot-page-7-table-1.csv,"Labdarúgás, Uruguayi bajnokság : 13. oldal",Szo   20:00,Penarol Montevideo,CA Cerro,1.2,4.55,10.0,
Web__51sz__P__06-27_camelot-page-7-table-1.csv,"Labdarúgás, Uruguayi bajnokság : 13. oldal",V     01:00,Boston River,Miramar Missiones,1.67,3.25,4.1,
Web__51sz__P__06-27_camelot-page-7-table-1.csv,"Labdarúgás, Klubcsapat vb : 9. oldal",Szo   18:00,Palmeiras SP,Botafogo RJ,2.1,2.96,3.4,
Web__51sz__P__06-27_camelot-page-7-table-1.csv,"Labdarúgás, Klubcsapat vb : 9. oldal",Szo   18:00,Palmeiras SP,Botafogo RJ,1.64,,2.13,Ki jut tovább?
Web__51sz__P__06-27_camelot-page-7-table-1.csv,"Labdarúgás, Klubcsapat vb : 9. oldal",Szo   18:00,Palmeiras SP,Botafogo RJ,1.27,1.33,1.47,"Kétesély (H: 1X, D: 12, V: X2)"
Web__51sz__P__06-27_camelot-page-7-table-1.csv,"Labdarúgás, Klubcsapat vb : 9. oldal",Szo   18:00,Palmeiras SP,Botafogo RJ,1.55,,2.14,Döntetlennél a tét visszajár
Web__51sz__P__06-27_camelot-page-7-table-1.csv,"Labdarúgás, Klubcsapat vb : 9. oldal",Szo   18:00,Palmeiras SP,Botafogo RJ,2.0,,1.64,"Mindkét csapat szerez gólt (H: Igen, V: Nem)"
Web__51sz__P__06-27_camelot-page-7-table-1.csv,"Labdarúgás, Klubcsapat vb : 9. oldal",Szo   18:00,Palmeiras SP,Botafogo RJ,12.0,6.25,1.15,Hendikep 0:2
Web__51sz__P__06-27_camelot-page-7-table-1.csv,"Labdarúgás, Klubcsapat vb : 9. oldal",Szo   18:00,Palmeiras SP,Botafogo RJ,4.85,3.85,1.55,Hendikep 0:1
Web__51sz__P__06-27_camelot-page-7-table-1.csv,"Labdarúgás, Klubcsapat vb : 9. oldal",Szo   18:00,Palmeiras SP,Botafogo RJ,1.3,4.6,8.0,Hendikep 1:0
Web__51sz__P__06-27_camelot-page-7-table-1.csv,"Labdarúgás, Klubcsapat vb : 9. oldal",Szo   18:00,Palmeiras SP,Botafogo RJ,2.54,,1.4,"Gólszám 1,5 (H: kev., V: több)"
Web__51sz__P__06-27_camelot-page-7-table-1.csv,"Labdarúgás, Klubcsapat vb : 9. oldal",Szo   18:00,Palmeiras SP,Botafogo RJ,1.5,,2.26,"Gólszám 2,5 (H: kev., V: több)"
Web__51sz__P__06-27_camelot-page-7-table-1.csv,"Labdarúgás, Klubcsapat vb : 9. oldal",Szo   18:00,Palmeiras SP,Botafogo RJ,1.17,,3.9,"Gólszám 3,5 (H: kev., V: több)"
Web__51sz__P__06-27_camelot-page-7-table-1.csv,"Labdarúgás, Klubcsapat vb : 9. oldal",Szo   18:00,Palmeiras SP,Botafogo RJ,7.25,1.11,9.25,Az első 10 perc eredménye (0-9:59)
Web__51sz__P__06-27_camelot-page-7-table-1.csv,"Labdarúgás, Klubcsapat vb : 9. oldal",Szo   18:00,Palmeiras SP,Botafogo RJ,2.99,1.9,4.0,1. félidő - 1X2
Web__51sz__P__06-27_camelot-page-7-table-1.csv,"Labdarúgás, Klubcsapat vb : 9. oldal",Szo   18:00,Palmeiras SP,Botafogo RJ,2.75,,1.34,"Szögletszám 7,5 (H: kev., V: több)"
Web__51sz__P__06-27_camelot-page-7-table-1.csv,"Labdarúgás, Klubcsapat vb : 9. oldal",Szo   18:00,Palmeiras SP,Botafogo RJ,2.09,,1.58,"Szögletszám 8,5 (H: kev., V: több)"
Web__51sz__P__06-27_camelot-page-7-table-1.csv,"Labdarúgás, Klubcsapat vb : 9. oldal",Szo   18:00,Palmeiras SP,Botafogo RJ,1.68,,1.95,"Szögletszám 9,5 (H: kev., V: több)"
Web__51sz__P__06-27_camelot-page-7-table-1.csv,"Labdarúgás, Klubcsapat vb : 9. oldal",Szo   18:00,Palmeiras SP,Botafogo RJ,2.09,2.67,3.35,"Szögletek száma (H: 0-8, D: 9-11, V: 12+)"
Web__51sz__P__06-27_camelot-page-7-table-1.csv,"Labdarúgás, Klubcsapat vb : 9. oldal",Szo   18:00,Palmeiras SP,Botafogo RJ,1.55,7.75,2.68,"Melyik csapat végez el több szögletet? (H: 1, D: ua., V: 2)"
Web__51sz__P__06-27_camelot-page-7-table-1.csv,"Labdarúgás, Klubcsapat vb : 9. oldal",Szo   18:00,Palmeiras SP,Botafogo RJ,2.37,,1.45,"Szöglet hendikep -2,5 (Hazai -2,5, Vendég +2,5)"
Web__51sz__P__06-27_camelot-page-7-table-1.csv,"Labdarúgás, Klubcsapat vb : 9. oldal",Szo   18:00,Palmeiras SP,Botafogo RJ,1.89,,1.72,"Szöglet hendikep -1,5 (Hazai -1,5, Vendég +1,5)"
Web__51sz__P__06-27_camelot-page-7-table-1.csv,"Labdarúgás, Klubcsapat vb : 9. oldal",Szo   18:00,Palmeiras SP,Botafogo RJ,2.6,2.14,3.35,2. félidő - 1X2
Web__51sz__P__06-27_camelot-page-7-table-1.csv,"Labdarúgás, Klubcsapat vb : 9. oldal",Szo   18:00,Palmeiras SP,Botafogo RJ,4.9,,1.14,"Lesz hosszabbítás+Lesz gól a hosszabbításban? (H: Igen, V: Nem)"
Web__51sz__P__06-27_camelot-page-7-table-1.csv,"Labdarúgás, Klubcsapat vb : 9. oldal",Szo   18:00,Palmeiras SP,Botafogo RJ,4.45,,1.17,"A továbbjutás 11-es párbajban dől el? (H: Igen, V: Nem)"
Web__51sz__P__06-27_camelot-page-7-table-1.csv,"Labdarúgás, Klubcsapat vb : 9. oldal",Szo   22:00,Benfica,Chelsea,3.55,3.45,1.86,
Web__51sz__P__06-27_camelot-page-7-table-1.csv,"Labdarúgás, Klubcsapat vb : 9. oldal",Szo   22:00,Benfica,Chelsea,2.34,,1.53,Ki jut tovább?
Web__51sz__P__06-27_camelot-page-7-table-1.csv,"Labdarúgás, Klubcsapat vb : 9. oldal",Szo   22:00,Benfica,Chelsea,1.59,1.26,1.25,"Kétesély (H: 1X, D: 12, V: X2)"
Web__51sz__P__06-27_camelot-page-7-table-1.csv,"Labdarúgás, Klubcsapat vb : 9. oldal",Szo   22:00,Benfica,Chelsea,2.37,,1.45,Döntetlennél a tét visszajár
Web__51sz__P__06-27_camelot-page-7-table-1.csv,"Labdarúgás, Klubcsapat vb : 9. oldal",Szo   22:00,Benfica,Chelsea,1.72,,1.89,"Mindkét csapat szerez gólt (H: Igen, V: Nem)"
Web__51sz__P__06-27_camelot-page-17-table-1.csv,"Labdarúgás, Perui bajnokság : 14. oldal",V     18:00,Sporting Cristal,Comerciantes Unidos,1.1,6.5,12.0,
Web__51sz__P__06-27_camelot-page-17-table-1.csv,"Labdarúgás, Perui bajnokság : 14. oldal",V     22:00,Alianza Atlético,Atl. Grau,2.08,2.92,3.05,
Web__51sz__P__06-27_camelot-page-17-table-1.csv,"Labdarúgás, Perui bajnokság : 14. oldal",H     01:00,Cusco,Alianza Huanuco,1.39,4.0,5.5,
Web__51sz__P__06-27_camelot-page-17-table-1.csv,"Labdarúgás, Izlandi bajnokság : 11. oldal",V     19:00,Fram,ÍBV,1.93,3.45,2.92,
Web__51sz__P__06-27_camelot-page-17-table-1.csv,"Labdarúgás, Izlandi bajnokság : 11. oldal",V     19:00,Vestri,ÍA Akranes,1.92,3.4,2.97,
Web__51sz__P__06-27_camelot-page-17-table-1.csv,"Labdarúgás, Izlandi bajnokság : 11. oldal",V     21:15,KR,FH,1.9,3.85,2.75,
Web__51sz__P__06-27_camelot-page-17-table-1.csv,"Labdarúgás, Izlandi bajnokság : 11. oldal",V     21:15,Vikingur Reykjavik,Afturelding,1.27,4.85,6.25,
Web__51sz__P__06-27_camelot-page-17-table-1.csv,"Labdarúgás, Argentin 2. : 8. oldal",V     19:45,Atl. All Boys,Atl. Atlanta,2.83,2.53,2.49,
Web__51sz__P__06-27_camelot-page-17-table-1.csv,"Labdarúgás, Argentin 2. : 8. oldal",V     20:00,Estudiantes Buenos Aires,Central Norte Salta,1.59,3.1,5.0,
Web__51sz__P__06-27_camelot-page-17-table-1.csv,"Labdarúgás, Argentin 2. : 8. oldal",V     20:30,Alvarado,Racing de Cordoba,2.4,2.87,2.6,
Web__51sz__P__06-27_camelot-page-17-table-1.csv,"Labdarúgás, Argentin 2. : 8. oldal",V     20:30,Atl. Guemes,Atl. Los Andes,1.91,2.73,3.85,
Web__51sz__P__06-27_camelot-page-17-table-1.csv,"Labdarúgás, Argentin 2. : 8. oldal",V     20:30,Dep. Maipu,San Miguel,2.38,2.64,2.86,
Web__51sz__P__06-27_camelot-page-17-table-1.csv,"Labdarúgás, Argentin 2. : 8. oldal",V     21:00,Gimnasia Tiro de Salta,Club Almagro,1.83,2.76,4.15,
Web__51sz__P__06-27_camelot-page-17-table-1.csv,"Labdarúgás, Argentin 2. : 8. oldal",V     21:00,Estudiantes Rio Cuarto,Agropecuario Argentino,1.68,2.96,4.6,
Web__51sz__P__06-27_camelot-page-17-table-1.csv,"Labdarúgás, Ecuadori bajnokság : 10. oldal",V     20:00,Tecnico Univ. Ambato,El Nacional Quito,1.97,3.2,3.0,
Web__51sz__P__06-27_camelot-page-17-table-1.csv,"Labdarúgás, Ecuadori bajnokság : 10. oldal",V     22:30,Univ. Catolica de Quito,Independiente del Valle,2.92,3.1,2.07,
Web__51sz__P__06-27_camelot-page-17-table-1.csv,"Labdarúgás, Ecuadori bajnokság : 10. oldal",H     01:00,Macara Ambato,Emelec Guayaquil,1.97,2.98,3.25,
Web__51sz__P__06-27_camelot-page-17-table-1.csv,"Labdarúgás, Argentin 3., Metropolitana : 8. oldal",V     20:30,Dock Sud,Comunicaciones,2.32,2.87,2.69,
Web__51sz__P__06-27_camelot-page-17-table-1.csv,"Labdarúgás, Argentin 3., Metropolitana : 8. oldal",V     20:30,Ferrocarril Midland,Villa Dalmine,1.56,3.3,4.9,
Web__51sz__P__06-27_camelot-page-17-table-1.csv,"Labdarúgás, Argentin 3., Metropolitana : 8. oldal",V     20:30,UAI Urquiza,Atl. Fenix,1.61,3.3,4.4,
Web__51sz__P__06-27_camelot-page-17-table-1.csv,"Labdarúgás, Bolíviai bajnokság : 9. oldal",V     21:00,Nacional Potosi,Bolivar La Paz,3.35,3.7,1.72,
Web__51sz__P__06-27_camelot-page-17-table-1.csv,"Labdarúgás, Bolíviai bajnokság : 9. oldal",V     23:15,Aurora Cochabamba,Always Ready La Paz,2.57,3.6,2.07,
Web__51sz__P__06-27_camelot-page-17-table-1.csv,"Labdarúgás, Bolíviai bajnokság : 9. oldal",H     01:30,The Strongest,Universitario de Vinto,1.22,5.25,7.5,
Web__51sz__P__06-27_camelot-page-17-table-1.csv,"Labdarúgás, Brazil 2. : 9. oldal",V     21:00,Athletic Club SJDR,Remo,2.06,3.05,2.98,
Web__51sz__P__06-27_camelot-page-17-table-1.csv,"Labdarúgás, Brazil 2. : 9. oldal",V     21:00,Volta Redonda,Operario PR,1.98,2.78,3.5,
Web__51sz__P__06-27_camelot-page-17-table-1.csv,"Labdarúgás, Brazil 2. : 9. oldal",H     00:00,Chapecoense,Goiás,2.27,2.81,2.83,
Web__51sz__P__06-27_camelot-page-17-table-1.csv,"Labdarúgás, Brazil 2. : 9. oldal",H     00:00,Novorizontino,Amazonas AM,1.46,3.4,6.0,
Web__51sz__P__06-27_camelot-page-17-table-1.csv,"Labdarúgás, Brazil 3. : 9. oldal",V     21:30,ABC,Ypiranga RS,1.83,2.84,4.0,
Web__51sz__P__06-27_camelot-page-17-table-1.csv,"Labdarúgás, Brazil 3. : 9. oldal",V     21:30,Figueirense,Confianca,1.71,3.1,4.1,
Web__51sz__P__06-27_camelot-page-17-table-1.csv,"Labdarúgás, Brazil 3. : 9. oldal",H     00:00,SER Caxias do Sul,Ituano,1.94,2.93,3.45,
Web__51sz__P__06-27_camelot-page-17-table-1.csv,"Labdarúgás, Brazil 3. : 9. oldal",H     00:00,Tombense,Nautico PE,2.0,2.93,3.25,
Web__51sz__P__06-27_camelot-page-17-table-1.csv,"Labdarúgás, Gold Cup : 8. oldal",V     22:00,Kanada,Guatemala,1.26,5.0,8.5,
Web__51sz__P__06-27_camelot-page-17-table-1.csv,"Labdarúgás, Gold Cup : 8. oldal",V     22:00,Kanada,Guatemala,1.13,,4.45,Ki jut tovább?
Web__51sz__P__06-27_camelot-page-17-table-1.csv,"Labdarúgás, Gold Cup : 8. oldal",V     22:00,Kanada,Guatemala,1.07,1.14,2.48,"Kétesély (H: 1X, D: 12, V: X2)"
Web__51sz__P__06-27_camelot-page-17-table-1.csv,"Labdarúgás, Gold Cup : 8. oldal",V     22:00,Kanada,Guatemala,1.09,,5.25,Döntetlennél a tét visszajár
Web__51sz__P__06-27_camelot-page-17-table-1.csv,"Labdarúgás, Gold Cup : 8. oldal",V     22:00,Kanada,Guatemala,1.99,,1.64,"Mindkét csapat szerez gólt (H: Igen, V: Nem)"
